,Order Number,Finished Good,Order Size,Item_Number,Quantity,Shared_parts
0,1,1,53,000000000000008820,1,.
1,1,1,53,SSW0G43707,2,2
2,1,1,53,SSW0G44348,2,3
3,1,1,53,SSW0G44670,1,.
4,1,1,53,SSW0K51133,2,2
5,1,1,53,SSW0K51575,1,.
6,1,1,53,SSW0G44392,2,4
7,1,1,53,000000000031028776,1,.
8,1,1,53,000000000031040179,2,5
9,1,1,53,000000000031503985,1,.
10,1,1,53,PROC10204,2,2
11,1,1,53,000000000031034776,1,.
12,1,1,53,PROC2237,1,.
13,1,1,53,PROC7029,1,.
14,1,1,53,000000000031045548,2,2
15,1,1,53,000000000031045550,2,2
16,1,1,53,000000000031034609,1,.
17,1,1,53,000000000067000739,1,.
18,1,1,53,PROC2802,1,.
19,1,1,53,000000000031037296,1,.
20,1,1,53,SP10G00161,1,.
21,1,1,53,PROC8213,2,3
22,1,1,53,SL10F25678,1,.
23,1,1,53,SPP0G54600,1,.
24,1,1,53,PROC8215,2,4
25,1,1,53,SA70K11490,2,2
26,1,1,53,PROC1811,1,.
27,1,1,53,PROC9106,2,2
28,1,1,53,SSW0K51546,2,2
29,1,1,53,SPP0G54610,1,.
30,1,1,53,PROC9203,2,2
31,1,1,53,PROC12008,1,.
32,1,1,53,SSW0N27927,2,4
33,1,1,53,SSW0N29515,1,.
34,1,1,53,SPP0G98370,1,.
35,1,1,53,PROC1811,2,2
36,1,1,53,PROC10224,1,.
37,5,1,4,000000000000008820,1,.
38,5,1,4,SSW0G43707,2,2
39,5,1,4,SSW0G44348,2,3
40,5,1,4,SSW0G44670,1,.
41,5,1,4,SSW0K51133,2,2
42,5,1,4,SSW0K51575,1,.
43,5,1,4,SSW0G44392,2,4
44,5,1,4,000000000031028776,1,.
45,5,1,4,000000000031040179,2,5
46,5,1,4,000000000031503985,1,.
47,5,1,4,PROC10204,2,2
48,5,1,4,000000000031034776,1,.
49,5,1,4,PROC2237,1,.
50,5,1,4,PROC7029,1,.
51,5,1,4,000000000031045548,2,2
52,5,1,4,000000000031045550,2,2
53,5,1,4,000000000031034609,1,.
54,5,1,4,000000000067000739,1,.
55,5,1,4,PROC2802,1,.
56,5,1,4,000000000031037296,1,.
57,5,1,4,SP10G00161,1,.
58,5,1,4,PROC8213,2,3
59,5,1,4,SL10F25678,1,.
60,5,1,4,SPP0G54600,1,.
61,5,1,4,PROC8215,2,4
62,5,1,4,SA70K11490,2,2
63,5,1,4,PROC1811,1,.
64,5,1,4,PROC9106,2,2
65,5,1,4,SSW0K51546,2,2
66,5,1,4,SPP0G54610,1,.
67,5,1,4,PROC9203,2,2
68,5,1,4,PROC12008,1,.
69,5,1,4,SSW0N27927,2,4
70,5,1,4,SSW0N29515,1,.
71,5,1,4,SPP0G98370,1,.
72,5,1,4,PROC1811,2,2
73,5,1,4,PROC10224,1,.
74,17,1,2,000000000000008820,1,.
75,17,1,2,SSW0G43707,2,2
76,17,1,2,SSW0G44348,2,3
77,17,1,2,SSW0G44670,1,.
78,17,1,2,SSW0K51133,2,2
79,17,1,2,SSW0K51575,1,.
80,17,1,2,SSW0G44392,2,4
81,17,1,2,000000000031028776,1,.
82,17,1,2,000000000031040179,2,5
83,17,1,2,000000000031503985,1,.
84,17,1,2,PROC10204,2,2
85,17,1,2,000000000031034776,1,.
86,17,1,2,PROC2237,1,.
87,17,1,2,PROC7029,1,.
88,17,1,2,000000000031045548,2,2
89,17,1,2,000000000031045550,2,2
90,17,1,2,000000000031034609,1,.
91,17,1,2,000000000067000739,1,.
92,17,1,2,PROC2802,1,.
93,17,1,2,000000000031037296,1,.
94,17,1,2,SP10G00161,1,.
95,17,1,2,PROC8213,2,3
96,17,1,2,SL10F25678,1,.
97,17,1,2,SPP0G54600,1,.
98,17,1,2,PROC8215,2,4
99,17,1,2,SA70K11490,2,2
100,17,1,2,PROC1811,1,.
101,17,1,2,PROC9106,2,2
102,17,1,2,SSW0K51546,2,2
103,17,1,2,SPP0G54610,1,.
104,17,1,2,PROC9203,2,2
105,17,1,2,PROC12008,1,.
106,17,1,2,SSW0N27927,2,4
107,17,1,2,SSW0N29515,1,.
108,17,1,2,SPP0G98370,1,.
109,17,1,2,PROC1811,2,2
110,17,1,2,PROC10224,1,.
111,20,1,3,000000000000008820,1,.
112,20,1,3,SSW0G43707,2,2
113,20,1,3,SSW0G44348,2,3
114,20,1,3,SSW0G44670,1,.
115,20,1,3,SSW0K51133,2,2
116,20,1,3,SSW0K51575,1,.
117,20,1,3,SSW0G44392,2,4
118,20,1,3,000000000031028776,1,.
119,20,1,3,000000000031040179,2,5
120,20,1,3,000000000031503985,1,.
121,20,1,3,PROC10204,2,2
122,20,1,3,000000000031034776,1,.
123,20,1,3,PROC2237,1,.
124,20,1,3,PROC7029,1,.
125,20,1,3,000000000031045548,2,2
126,20,1,3,000000000031045550,2,2
127,20,1,3,000000000031034609,1,.
128,20,1,3,000000000067000739,1,.
129,20,1,3,PROC2802,1,.
130,20,1,3,000000000031037296,1,.
131,20,1,3,SP10G00161,1,.
132,20,1,3,PROC8213,2,3
133,20,1,3,SL10F25678,1,.
134,20,1,3,SPP0G54600,1,.
135,20,1,3,PROC8215,2,4
136,20,1,3,SA70K11490,2,2
137,20,1,3,PROC1811,1,.
138,20,1,3,PROC9106,2,2
139,20,1,3,SSW0K51546,2,2
140,20,1,3,SPP0G54610,1,.
141,20,1,3,PROC9203,2,2
142,20,1,3,PROC12008,1,.
143,20,1,3,SSW0N27927,2,4
144,20,1,3,SSW0N29515,1,.
145,20,1,3,SPP0G98370,1,.
146,20,1,3,PROC1811,2,2
147,20,1,3,PROC10224,1,.
148,23,1,1,000000000000008820,1,.
149,23,1,1,SSW0G43707,2,2
150,23,1,1,SSW0G44348,2,3
151,23,1,1,SSW0G44670,1,.
152,23,1,1,SSW0K51133,2,2
153,23,1,1,SSW0K51575,1,.
154,23,1,1,SSW0G44392,2,4
155,23,1,1,000000000031028776,1,.
156,23,1,1,000000000031040179,2,5
157,23,1,1,000000000031503985,1,.
158,23,1,1,PROC10204,2,2
159,23,1,1,000000000031034776,1,.
160,23,1,1,PROC2237,1,.
161,23,1,1,PROC7029,1,.
162,23,1,1,000000000031045548,2,2
163,23,1,1,000000000031045550,2,2
164,23,1,1,000000000031034609,1,.
165,23,1,1,000000000067000739,1,.
166,23,1,1,PROC2802,1,.
167,23,1,1,000000000031037296,1,.
168,23,1,1,SP10G00161,1,.
169,23,1,1,PROC8213,2,3
170,23,1,1,SL10F25678,1,.
171,23,1,1,SPP0G54600,1,.
172,23,1,1,PROC8215,2,4
173,23,1,1,SA70K11490,2,2
174,23,1,1,PROC1811,1,.
175,23,1,1,PROC9106,2,2
176,23,1,1,SSW0K51546,2,2
177,23,1,1,SPP0G54610,1,.
178,23,1,1,PROC9203,2,2
179,23,1,1,PROC12008,1,.
180,23,1,1,SSW0N27927,2,4
181,23,1,1,SSW0N29515,1,.
182,23,1,1,SPP0G98370,1,.
183,23,1,1,PROC1811,2,2
184,23,1,1,PROC10224,1,.
185,28,1,3,000000000000008820,1,.
186,28,1,3,SSW0G43707,2,2
187,28,1,3,SSW0G44348,2,3
188,28,1,3,SSW0G44670,1,.
189,28,1,3,SSW0K51133,2,2
190,28,1,3,SSW0K51575,1,.
191,28,1,3,SSW0G44392,2,4
192,28,1,3,000000000031028776,1,.
193,28,1,3,000000000031040179,2,5
194,28,1,3,000000000031503985,1,.
195,28,1,3,PROC10204,2,2
196,28,1,3,000000000031034776,1,.
197,28,1,3,PROC2237,1,.
198,28,1,3,PROC7029,1,.
199,28,1,3,000000000031045548,2,2
200,28,1,3,000000000031045550,2,2
201,28,1,3,000000000031034609,1,.
202,28,1,3,000000000067000739,1,.
203,28,1,3,PROC2802,1,.
204,28,1,3,000000000031037296,1,.
205,28,1,3,SP10G00161,1,.
206,28,1,3,PROC8213,2,3
207,28,1,3,SL10F25678,1,.
208,28,1,3,SPP0G54600,1,.
209,28,1,3,PROC8215,2,4
210,28,1,3,SA70K11490,2,2
211,28,1,3,PROC1811,1,.
212,28,1,3,PROC9106,2,2
213,28,1,3,SSW0K51546,2,2
214,28,1,3,SPP0G54610,1,.
215,28,1,3,PROC9203,2,2
216,28,1,3,PROC12008,1,.
217,28,1,3,SSW0N27927,2,4
218,28,1,3,SSW0N29515,1,.
219,28,1,3,SPP0G98370,1,.
220,28,1,3,PROC1811,2,2
221,28,1,3,PROC10224,1,.
222,32,1,3,000000000000008820,1,.
223,32,1,3,SSW0G43707,2,2
224,32,1,3,SSW0G44348,2,3
225,32,1,3,SSW0G44670,1,.
226,32,1,3,SSW0K51133,2,2
227,32,1,3,SSW0K51575,1,.
228,32,1,3,SSW0G44392,2,4
229,32,1,3,000000000031028776,1,.
230,32,1,3,000000000031040179,2,5
231,32,1,3,000000000031503985,1,.
232,32,1,3,PROC10204,2,2
233,32,1,3,000000000031034776,1,.
234,32,1,3,PROC2237,1,.
235,32,1,3,PROC7029,1,.
236,32,1,3,000000000031045548,2,2
237,32,1,3,000000000031045550,2,2
238,32,1,3,000000000031034609,1,.
239,32,1,3,000000000067000739,1,.
240,32,1,3,PROC2802,1,.
241,32,1,3,000000000031037296,1,.
242,32,1,3,SP10G00161,1,.
243,32,1,3,PROC8213,2,3
244,32,1,3,SL10F25678,1,.
245,32,1,3,SPP0G54600,1,.
246,32,1,3,PROC8215,2,4
247,32,1,3,SA70K11490,2,2
248,32,1,3,PROC1811,1,.
249,32,1,3,PROC9106,2,2
250,32,1,3,SSW0K51546,2,2
251,32,1,3,SPP0G54610,1,.
252,32,1,3,PROC9203,2,2
253,32,1,3,PROC12008,1,.
254,32,1,3,SSW0N27927,2,4
255,32,1,3,SSW0N29515,1,.
256,32,1,3,SPP0G98370,1,.
257,32,1,3,PROC1811,2,2
258,32,1,3,PROC10224,1,.
259,42,1,2,000000000000008820,1,.
260,42,1,2,SSW0G43707,2,2
261,42,1,2,SSW0G44348,2,3
262,42,1,2,SSW0G44670,1,.
263,42,1,2,SSW0K51133,2,2
264,42,1,2,SSW0K51575,1,.
265,42,1,2,SSW0G44392,2,4
266,42,1,2,000000000031028776,1,.
267,42,1,2,000000000031040179,2,5
268,42,1,2,000000000031503985,1,.
269,42,1,2,PROC10204,2,2
270,42,1,2,000000000031034776,1,.
271,42,1,2,PROC2237,1,.
272,42,1,2,PROC7029,1,.
273,42,1,2,000000000031045548,2,2
274,42,1,2,000000000031045550,2,2
275,42,1,2,000000000031034609,1,.
276,42,1,2,000000000067000739,1,.
277,42,1,2,PROC2802,1,.
278,42,1,2,000000000031037296,1,.
279,42,1,2,SP10G00161,1,.
280,42,1,2,PROC8213,2,3
281,42,1,2,SL10F25678,1,.
282,42,1,2,SPP0G54600,1,.
283,42,1,2,PROC8215,2,4
284,42,1,2,SA70K11490,2,2
285,42,1,2,PROC1811,1,.
286,42,1,2,PROC9106,2,2
287,42,1,2,SSW0K51546,2,2
288,42,1,2,SPP0G54610,1,.
289,42,1,2,PROC9203,2,2
290,42,1,2,PROC12008,1,.
291,42,1,2,SSW0N27927,2,4
292,42,1,2,SSW0N29515,1,.
293,42,1,2,SPP0G98370,1,.
294,42,1,2,PROC1811,2,2
295,42,1,2,PROC10224,1,.
296,46,1,1,000000000000008820,1,.
297,46,1,1,SSW0G43707,2,2
298,46,1,1,SSW0G44348,2,3
299,46,1,1,SSW0G44670,1,.
300,46,1,1,SSW0K51133,2,2
301,46,1,1,SSW0K51575,1,.
302,46,1,1,SSW0G44392,2,4
303,46,1,1,000000000031028776,1,.
304,46,1,1,000000000031040179,2,5
305,46,1,1,000000000031503985,1,.
306,46,1,1,PROC10204,2,2
307,46,1,1,000000000031034776,1,.
308,46,1,1,PROC2237,1,.
309,46,1,1,PROC7029,1,.
310,46,1,1,000000000031045548,2,2
311,46,1,1,000000000031045550,2,2
312,46,1,1,000000000031034609,1,.
313,46,1,1,000000000067000739,1,.
314,46,1,1,PROC2802,1,.
315,46,1,1,000000000031037296,1,.
316,46,1,1,SP10G00161,1,.
317,46,1,1,PROC8213,2,3
318,46,1,1,SL10F25678,1,.
319,46,1,1,SPP0G54600,1,.
320,46,1,1,PROC8215,2,4
321,46,1,1,SA70K11490,2,2
322,46,1,1,PROC1811,1,.
323,46,1,1,PROC9106,2,2
324,46,1,1,SSW0K51546,2,2
325,46,1,1,SPP0G54610,1,.
326,46,1,1,PROC9203,2,2
327,46,1,1,PROC12008,1,.
328,46,1,1,SSW0N27927,2,4
329,46,1,1,SSW0N29515,1,.
330,46,1,1,SPP0G98370,1,.
331,46,1,1,PROC1811,2,2
332,46,1,1,PROC10224,1,.
333,48,1,1,000000000000008820,1,.
334,48,1,1,SSW0G43707,2,2
335,48,1,1,SSW0G44348,2,3
336,48,1,1,SSW0G44670,1,.
337,48,1,1,SSW0K51133,2,2
338,48,1,1,SSW0K51575,1,.
339,48,1,1,SSW0G44392,2,4
340,48,1,1,000000000031028776,1,.
341,48,1,1,000000000031040179,2,5
342,48,1,1,000000000031503985,1,.
343,48,1,1,PROC10204,2,2
344,48,1,1,000000000031034776,1,.
345,48,1,1,PROC2237,1,.
346,48,1,1,PROC7029,1,.
347,48,1,1,000000000031045548,2,2
348,48,1,1,000000000031045550,2,2
349,48,1,1,000000000031034609,1,.
350,48,1,1,000000000067000739,1,.
351,48,1,1,PROC2802,1,.
352,48,1,1,000000000031037296,1,.
353,48,1,1,SP10G00161,1,.
354,48,1,1,PROC8213,2,3
355,48,1,1,SL10F25678,1,.
356,48,1,1,SPP0G54600,1,.
357,48,1,1,PROC8215,2,4
358,48,1,1,SA70K11490,2,2
359,48,1,1,PROC1811,1,.
360,48,1,1,PROC9106,2,2
361,48,1,1,SSW0K51546,2,2
362,48,1,1,SPP0G54610,1,.
363,48,1,1,PROC9203,2,2
364,48,1,1,PROC12008,1,.
365,48,1,1,SSW0N27927,2,4
366,48,1,1,SSW0N29515,1,.
367,48,1,1,SPP0G98370,1,.
368,48,1,1,PROC1811,2,2
369,48,1,1,PROC10224,1,.
370,52,1,3,000000000000008820,1,.
371,52,1,3,SSW0G43707,2,2
372,52,1,3,SSW0G44348,2,3
373,52,1,3,SSW0G44670,1,.
374,52,1,3,SSW0K51133,2,2
375,52,1,3,SSW0K51575,1,.
376,52,1,3,SSW0G44392,2,4
377,52,1,3,000000000031028776,1,.
378,52,1,3,000000000031040179,2,5
379,52,1,3,000000000031503985,1,.
380,52,1,3,PROC10204,2,2
381,52,1,3,000000000031034776,1,.
382,52,1,3,PROC2237,1,.
383,52,1,3,PROC7029,1,.
384,52,1,3,000000000031045548,2,2
385,52,1,3,000000000031045550,2,2
386,52,1,3,000000000031034609,1,.
387,52,1,3,000000000067000739,1,.
388,52,1,3,PROC2802,1,.
389,52,1,3,000000000031037296,1,.
390,52,1,3,SP10G00161,1,.
391,52,1,3,PROC8213,2,3
392,52,1,3,SL10F25678,1,.
393,52,1,3,SPP0G54600,1,.
394,52,1,3,PROC8215,2,4
395,52,1,3,SA70K11490,2,2
396,52,1,3,PROC1811,1,.
397,52,1,3,PROC9106,2,2
398,52,1,3,SSW0K51546,2,2
399,52,1,3,SPP0G54610,1,.
400,52,1,3,PROC9203,2,2
401,52,1,3,PROC12008,1,.
402,52,1,3,SSW0N27927,2,4
403,52,1,3,SSW0N29515,1,.
404,52,1,3,SPP0G98370,1,.
405,52,1,3,PROC1811,2,2
406,52,1,3,PROC10224,1,.
407,54,1,1,000000000000008820,1,.
408,54,1,1,SSW0G43707,2,2
409,54,1,1,SSW0G44348,2,3
410,54,1,1,SSW0G44670,1,.
411,54,1,1,SSW0K51133,2,2
412,54,1,1,SSW0K51575,1,.
413,54,1,1,SSW0G44392,2,4
414,54,1,1,000000000031028776,1,.
415,54,1,1,000000000031040179,2,5
416,54,1,1,000000000031503985,1,.
417,54,1,1,PROC10204,2,2
418,54,1,1,000000000031034776,1,.
419,54,1,1,PROC2237,1,.
420,54,1,1,PROC7029,1,.
421,54,1,1,000000000031045548,2,2
422,54,1,1,000000000031045550,2,2
423,54,1,1,000000000031034609,1,.
424,54,1,1,000000000067000739,1,.
425,54,1,1,PROC2802,1,.
426,54,1,1,000000000031037296,1,.
427,54,1,1,SP10G00161,1,.
428,54,1,1,PROC8213,2,3
429,54,1,1,SL10F25678,1,.
430,54,1,1,SPP0G54600,1,.
431,54,1,1,PROC8215,2,4
432,54,1,1,SA70K11490,2,2
433,54,1,1,PROC1811,1,.
434,54,1,1,PROC9106,2,2
435,54,1,1,SSW0K51546,2,2
436,54,1,1,SPP0G54610,1,.
437,54,1,1,PROC9203,2,2
438,54,1,1,PROC12008,1,.
439,54,1,1,SSW0N27927,2,4
440,54,1,1,SSW0N29515,1,.
441,54,1,1,SPP0G98370,1,.
442,54,1,1,PROC1811,2,2
443,54,1,1,PROC10224,1,.
444,60,1,4,000000000000008820,1,.
445,60,1,4,SSW0G43707,2,2
446,60,1,4,SSW0G44348,2,3
447,60,1,4,SSW0G44670,1,.
448,60,1,4,SSW0K51133,2,2
449,60,1,4,SSW0K51575,1,.
450,60,1,4,SSW0G44392,2,4
451,60,1,4,000000000031028776,1,.
452,60,1,4,000000000031040179,2,5
453,60,1,4,000000000031503985,1,.
454,60,1,4,PROC10204,2,2
455,60,1,4,000000000031034776,1,.
456,60,1,4,PROC2237,1,.
457,60,1,4,PROC7029,1,.
458,60,1,4,000000000031045548,2,2
459,60,1,4,000000000031045550,2,2
460,60,1,4,000000000031034609,1,.
461,60,1,4,000000000067000739,1,.
462,60,1,4,PROC2802,1,.
463,60,1,4,000000000031037296,1,.
464,60,1,4,SP10G00161,1,.
465,60,1,4,PROC8213,2,3
466,60,1,4,SL10F25678,1,.
467,60,1,4,SPP0G54600,1,.
468,60,1,4,PROC8215,2,4
469,60,1,4,SA70K11490,2,2
470,60,1,4,PROC1811,1,.
471,60,1,4,PROC9106,2,2
472,60,1,4,SSW0K51546,2,2
473,60,1,4,SPP0G54610,1,.
474,60,1,4,PROC9203,2,2
475,60,1,4,PROC12008,1,.
476,60,1,4,SSW0N27927,2,4
477,60,1,4,SSW0N29515,1,.
478,60,1,4,SPP0G98370,1,.
479,60,1,4,PROC1811,2,2
480,60,1,4,PROC10224,1,.
481,61,1,4,000000000000008820,1,.
482,61,1,4,SSW0G43707,2,2
483,61,1,4,SSW0G44348,2,3
484,61,1,4,SSW0G44670,1,.
485,61,1,4,SSW0K51133,2,2
486,61,1,4,SSW0K51575,1,.
487,61,1,4,SSW0G44392,2,4
488,61,1,4,000000000031028776,1,.
489,61,1,4,000000000031040179,2,5
490,61,1,4,000000000031503985,1,.
491,61,1,4,PROC10204,2,2
492,61,1,4,000000000031034776,1,.
493,61,1,4,PROC2237,1,.
494,61,1,4,PROC7029,1,.
495,61,1,4,000000000031045548,2,2
496,61,1,4,000000000031045550,2,2
497,61,1,4,000000000031034609,1,.
498,61,1,4,000000000067000739,1,.
499,61,1,4,PROC2802,1,.
500,61,1,4,000000000031037296,1,.
501,61,1,4,SP10G00161,1,.
502,61,1,4,PROC8213,2,3
503,61,1,4,SL10F25678,1,.
504,61,1,4,SPP0G54600,1,.
505,61,1,4,PROC8215,2,4
506,61,1,4,SA70K11490,2,2
507,61,1,4,PROC1811,1,.
508,61,1,4,PROC9106,2,2
509,61,1,4,SSW0K51546,2,2
510,61,1,4,SPP0G54610,1,.
511,61,1,4,PROC9203,2,2
512,61,1,4,PROC12008,1,.
513,61,1,4,SSW0N27927,2,4
514,61,1,4,SSW0N29515,1,.
515,61,1,4,SPP0G98370,1,.
516,61,1,4,PROC1811,2,2
517,61,1,4,PROC10224,1,.
518,67,1,3,000000000000008820,1,.
519,67,1,3,SSW0G43707,2,2
520,67,1,3,SSW0G44348,2,3
521,67,1,3,SSW0G44670,1,.
522,67,1,3,SSW0K51133,2,2
523,67,1,3,SSW0K51575,1,.
524,67,1,3,SSW0G44392,2,4
525,67,1,3,000000000031028776,1,.
526,67,1,3,000000000031040179,2,5
527,67,1,3,000000000031503985,1,.
528,67,1,3,PROC10204,2,2
529,67,1,3,000000000031034776,1,.
530,67,1,3,PROC2237,1,.
531,67,1,3,PROC7029,1,.
532,67,1,3,000000000031045548,2,2
533,67,1,3,000000000031045550,2,2
534,67,1,3,000000000031034609,1,.
535,67,1,3,000000000067000739,1,.
536,67,1,3,PROC2802,1,.
537,67,1,3,000000000031037296,1,.
538,67,1,3,SP10G00161,1,.
539,67,1,3,PROC8213,2,3
540,67,1,3,SL10F25678,1,.
541,67,1,3,SPP0G54600,1,.
542,67,1,3,PROC8215,2,4
543,67,1,3,SA70K11490,2,2
544,67,1,3,PROC1811,1,.
545,67,1,3,PROC9106,2,2
546,67,1,3,SSW0K51546,2,2
547,67,1,3,SPP0G54610,1,.
548,67,1,3,PROC9203,2,2
549,67,1,3,PROC12008,1,.
550,67,1,3,SSW0N27927,2,4
551,67,1,3,SSW0N29515,1,.
552,67,1,3,SPP0G98370,1,.
553,67,1,3,PROC1811,2,2
554,67,1,3,PROC10224,1,.
555,75,1,3,000000000000008820,1,.
556,75,1,3,SSW0G43707,2,2
557,75,1,3,SSW0G44348,2,3
558,75,1,3,SSW0G44670,1,.
559,75,1,3,SSW0K51133,2,2
560,75,1,3,SSW0K51575,1,.
561,75,1,3,SSW0G44392,2,4
562,75,1,3,000000000031028776,1,.
563,75,1,3,000000000031040179,2,5
564,75,1,3,000000000031503985,1,.
565,75,1,3,PROC10204,2,2
566,75,1,3,000000000031034776,1,.
567,75,1,3,PROC2237,1,.
568,75,1,3,PROC7029,1,.
569,75,1,3,000000000031045548,2,2
570,75,1,3,000000000031045550,2,2
571,75,1,3,000000000031034609,1,.
572,75,1,3,000000000067000739,1,.
573,75,1,3,PROC2802,1,.
574,75,1,3,000000000031037296,1,.
575,75,1,3,SP10G00161,1,.
576,75,1,3,PROC8213,2,3
577,75,1,3,SL10F25678,1,.
578,75,1,3,SPP0G54600,1,.
579,75,1,3,PROC8215,2,4
580,75,1,3,SA70K11490,2,2
581,75,1,3,PROC1811,1,.
582,75,1,3,PROC9106,2,2
583,75,1,3,SSW0K51546,2,2
584,75,1,3,SPP0G54610,1,.
585,75,1,3,PROC9203,2,2
586,75,1,3,PROC12008,1,.
587,75,1,3,SSW0N27927,2,4
588,75,1,3,SSW0N29515,1,.
589,75,1,3,SPP0G98370,1,.
590,75,1,3,PROC1811,2,2
591,75,1,3,PROC10224,1,.
592,77,1,1,000000000000008820,1,.
593,77,1,1,SSW0G43707,2,2
594,77,1,1,SSW0G44348,2,3
595,77,1,1,SSW0G44670,1,.
596,77,1,1,SSW0K51133,2,2
597,77,1,1,SSW0K51575,1,.
598,77,1,1,SSW0G44392,2,4
599,77,1,1,000000000031028776,1,.
600,77,1,1,000000000031040179,2,5
601,77,1,1,000000000031503985,1,.
602,77,1,1,PROC10204,2,2
603,77,1,1,000000000031034776,1,.
604,77,1,1,PROC2237,1,.
605,77,1,1,PROC7029,1,.
606,77,1,1,000000000031045548,2,2
607,77,1,1,000000000031045550,2,2
608,77,1,1,000000000031034609,1,.
609,77,1,1,000000000067000739,1,.
610,77,1,1,PROC2802,1,.
611,77,1,1,000000000031037296,1,.
612,77,1,1,SP10G00161,1,.
613,77,1,1,PROC8213,2,3
614,77,1,1,SL10F25678,1,.
615,77,1,1,SPP0G54600,1,.
616,77,1,1,PROC8215,2,4
617,77,1,1,SA70K11490,2,2
618,77,1,1,PROC1811,1,.
619,77,1,1,PROC9106,2,2
620,77,1,1,SSW0K51546,2,2
621,77,1,1,SPP0G54610,1,.
622,77,1,1,PROC9203,2,2
623,77,1,1,PROC12008,1,.
624,77,1,1,SSW0N27927,2,4
625,77,1,1,SSW0N29515,1,.
626,77,1,1,SPP0G98370,1,.
627,77,1,1,PROC1811,2,2
628,77,1,1,PROC10224,1,.
629,79,1,1,000000000000008820,1,.
630,79,1,1,SSW0G43707,2,2
631,79,1,1,SSW0G44348,2,3
632,79,1,1,SSW0G44670,1,.
633,79,1,1,SSW0K51133,2,2
634,79,1,1,SSW0K51575,1,.
635,79,1,1,SSW0G44392,2,4
636,79,1,1,000000000031028776,1,.
637,79,1,1,000000000031040179,2,5
638,79,1,1,000000000031503985,1,.
639,79,1,1,PROC10204,2,2
640,79,1,1,000000000031034776,1,.
641,79,1,1,PROC2237,1,.
642,79,1,1,PROC7029,1,.
643,79,1,1,000000000031045548,2,2
644,79,1,1,000000000031045550,2,2
645,79,1,1,000000000031034609,1,.
646,79,1,1,000000000067000739,1,.
647,79,1,1,PROC2802,1,.
648,79,1,1,000000000031037296,1,.
649,79,1,1,SP10G00161,1,.
650,79,1,1,PROC8213,2,3
651,79,1,1,SL10F25678,1,.
652,79,1,1,SPP0G54600,1,.
653,79,1,1,PROC8215,2,4
654,79,1,1,SA70K11490,2,2
655,79,1,1,PROC1811,1,.
656,79,1,1,PROC9106,2,2
657,79,1,1,SSW0K51546,2,2
658,79,1,1,SPP0G54610,1,.
659,79,1,1,PROC9203,2,2
660,79,1,1,PROC12008,1,.
661,79,1,1,SSW0N27927,2,4
662,79,1,1,SSW0N29515,1,.
663,79,1,1,SPP0G98370,1,.
664,79,1,1,PROC1811,2,2
665,79,1,1,PROC10224,1,.
666,89,1,1,000000000000008820,1,.
667,89,1,1,SSW0G43707,2,2
668,89,1,1,SSW0G44348,2,3
669,89,1,1,SSW0G44670,1,.
670,89,1,1,SSW0K51133,2,2
671,89,1,1,SSW0K51575,1,.
672,89,1,1,SSW0G44392,2,4
673,89,1,1,000000000031028776,1,.
674,89,1,1,000000000031040179,2,5
675,89,1,1,000000000031503985,1,.
676,89,1,1,PROC10204,2,2
677,89,1,1,000000000031034776,1,.
678,89,1,1,PROC2237,1,.
679,89,1,1,PROC7029,1,.
680,89,1,1,000000000031045548,2,2
681,89,1,1,000000000031045550,2,2
682,89,1,1,000000000031034609,1,.
683,89,1,1,000000000067000739,1,.
684,89,1,1,PROC2802,1,.
685,89,1,1,000000000031037296,1,.
686,89,1,1,SP10G00161,1,.
687,89,1,1,PROC8213,2,3
688,89,1,1,SL10F25678,1,.
689,89,1,1,SPP0G54600,1,.
690,89,1,1,PROC8215,2,4
691,89,1,1,SA70K11490,2,2
692,89,1,1,PROC1811,1,.
693,89,1,1,PROC9106,2,2
694,89,1,1,SSW0K51546,2,2
695,89,1,1,SPP0G54610,1,.
696,89,1,1,PROC9203,2,2
697,89,1,1,PROC12008,1,.
698,89,1,1,SSW0N27927,2,4
699,89,1,1,SSW0N29515,1,.
700,89,1,1,SPP0G98370,1,.
701,89,1,1,PROC1811,2,2
702,89,1,1,PROC10224,1,.
703,94,1,1,000000000000008820,1,.
704,94,1,1,SSW0G43707,2,2
705,94,1,1,SSW0G44348,2,3
706,94,1,1,SSW0G44670,1,.
707,94,1,1,SSW0K51133,2,2
708,94,1,1,SSW0K51575,1,.
709,94,1,1,SSW0G44392,2,4
710,94,1,1,000000000031028776,1,.
711,94,1,1,000000000031040179,2,5
712,94,1,1,000000000031503985,1,.
713,94,1,1,PROC10204,2,2
714,94,1,1,000000000031034776,1,.
715,94,1,1,PROC2237,1,.
716,94,1,1,PROC7029,1,.
717,94,1,1,000000000031045548,2,2
718,94,1,1,000000000031045550,2,2
719,94,1,1,000000000031034609,1,.
720,94,1,1,000000000067000739,1,.
721,94,1,1,PROC2802,1,.
722,94,1,1,000000000031037296,1,.
723,94,1,1,SP10G00161,1,.
724,94,1,1,PROC8213,2,3
725,94,1,1,SL10F25678,1,.
726,94,1,1,SPP0G54600,1,.
727,94,1,1,PROC8215,2,4
728,94,1,1,SA70K11490,2,2
729,94,1,1,PROC1811,1,.
730,94,1,1,PROC9106,2,2
731,94,1,1,SSW0K51546,2,2
732,94,1,1,SPP0G54610,1,.
733,94,1,1,PROC9203,2,2
734,94,1,1,PROC12008,1,.
735,94,1,1,SSW0N27927,2,4
736,94,1,1,SSW0N29515,1,.
737,94,1,1,SPP0G98370,1,.
738,94,1,1,PROC1811,2,2
739,94,1,1,PROC10224,1,.
740,100,1,2,000000000000008820,1,.
741,100,1,2,SSW0G43707,2,2
742,100,1,2,SSW0G44348,2,3
743,100,1,2,SSW0G44670,1,.
744,100,1,2,SSW0K51133,2,2
745,100,1,2,SSW0K51575,1,.
746,100,1,2,SSW0G44392,2,4
747,100,1,2,000000000031028776,1,.
748,100,1,2,000000000031040179,2,5
749,100,1,2,000000000031503985,1,.
750,100,1,2,PROC10204,2,2
751,100,1,2,000000000031034776,1,.
752,100,1,2,PROC2237,1,.
753,100,1,2,PROC7029,1,.
754,100,1,2,000000000031045548,2,2
755,100,1,2,000000000031045550,2,2
756,100,1,2,000000000031034609,1,.
757,100,1,2,000000000067000739,1,.
758,100,1,2,PROC2802,1,.
759,100,1,2,000000000031037296,1,.
760,100,1,2,SP10G00161,1,.
761,100,1,2,PROC8213,2,3
762,100,1,2,SL10F25678,1,.
763,100,1,2,SPP0G54600,1,.
764,100,1,2,PROC8215,2,4
765,100,1,2,SA70K11490,2,2
766,100,1,2,PROC1811,1,.
767,100,1,2,PROC9106,2,2
768,100,1,2,SSW0K51546,2,2
769,100,1,2,SPP0G54610,1,.
770,100,1,2,PROC9203,2,2
771,100,1,2,PROC12008,1,.
772,100,1,2,SSW0N27927,2,4
773,100,1,2,SSW0N29515,1,.
774,100,1,2,SPP0G98370,1,.
775,100,1,2,PROC1811,2,2
776,100,1,2,PROC10224,1,.
777,2,3,5,SSW0G42871,1,.
778,2,3,5,SSW0G44836,1,.
779,2,3,5,SSW0G44953,1,.
780,2,3,5,SSW0P20662,1,.
781,2,3,5,SSW0G44351,1,.
782,2,3,5,SSW0G44585,2,1
783,2,3,5,SL60K75022,1,.
784,2,3,5,cdb_49000017,1,.
785,2,3,5,SD50H32746,1,.
786,2,3,5,PROC13209,2,4
787,2,3,5,000000000031045549,1,.
788,2,3,5,PROC7320,1,.
789,2,3,5,SPP0H55681,1,.
790,2,3,5,PROC7109,1,.
791,2,3,5,PROC7033,1,.
792,2,3,5,000000000031028400,2,5
793,2,3,5,cdb_04000018,2,2
794,2,3,5,000000000031501056,2,2
795,2,3,5,SPP0G54625,2,4
796,2,3,5,PROC9107,1,.
797,2,3,5,SPP0G99675,2,5
798,2,3,5,SSW0K51935,2,4
799,2,3,5,PROC3410,1,.
800,2,3,5,SPP0K08480,1,.
801,2,3,5,SPP0H55681,1,.
802,2,3,5,SPP0H55684,2,2
803,2,3,5,000000000067001143,1,.
804,2,3,5,SSW0N28641,2,1
805,2,3,5,PROC10338,2,2
806,2,3,5,SSW0L97271,2,4
807,8,3,3,SSW0G42871,1,.
808,8,3,3,SSW0G44836,1,.
809,8,3,3,SSW0G44953,1,.
810,8,3,3,SSW0P20662,1,.
811,8,3,3,SSW0G44351,1,.
812,8,3,3,SSW0G44585,2,1
813,8,3,3,SL60K75022,1,.
814,8,3,3,cdb_49000017,1,.
815,8,3,3,SD50H32746,1,.
816,8,3,3,PROC13209,2,4
817,8,3,3,000000000031045549,1,.
818,8,3,3,PROC7320,1,.
819,8,3,3,SPP0H55681,1,.
820,8,3,3,PROC7109,1,.
821,8,3,3,PROC7033,1,.
822,8,3,3,000000000031028400,2,5
823,8,3,3,cdb_04000018,2,2
824,8,3,3,000000000031501056,2,2
825,8,3,3,SPP0G54625,2,4
826,8,3,3,PROC9107,1,.
827,8,3,3,SPP0G99675,2,5
828,8,3,3,SSW0K51935,2,4
829,8,3,3,PROC3410,1,.
830,8,3,3,SPP0K08480,1,.
831,8,3,3,SPP0H55681,1,.
832,8,3,3,SPP0H55684,2,2
833,8,3,3,000000000067001143,1,.
834,8,3,3,SSW0N28641,2,1
835,8,3,3,PROC10338,2,2
836,8,3,3,SSW0L97271,2,4
837,11,3,3,SSW0G42871,1,.
838,11,3,3,SSW0G44836,1,.
839,11,3,3,SSW0G44953,1,.
840,11,3,3,SSW0P20662,1,.
841,11,3,3,SSW0G44351,1,.
842,11,3,3,SSW0G44585,2,1
843,11,3,3,SL60K75022,1,.
844,11,3,3,cdb_49000017,1,.
845,11,3,3,SD50H32746,1,.
846,11,3,3,PROC13209,2,4
847,11,3,3,000000000031045549,1,.
848,11,3,3,PROC7320,1,.
849,11,3,3,SPP0H55681,1,.
850,11,3,3,PROC7109,1,.
851,11,3,3,PROC7033,1,.
852,11,3,3,000000000031028400,2,5
853,11,3,3,cdb_04000018,2,2
854,11,3,3,000000000031501056,2,2
855,11,3,3,SPP0G54625,2,4
856,11,3,3,PROC9107,1,.
857,11,3,3,SPP0G99675,2,5
858,11,3,3,SSW0K51935,2,4
859,11,3,3,PROC3410,1,.
860,11,3,3,SPP0K08480,1,.
861,11,3,3,SPP0H55681,1,.
862,11,3,3,SPP0H55684,2,2
863,11,3,3,000000000067001143,1,.
864,11,3,3,SSW0N28641,2,1
865,11,3,3,PROC10338,2,2
866,11,3,3,SSW0L97271,2,4
867,13,3,2,SSW0G42871,1,.
868,13,3,2,SSW0G44836,1,.
869,13,3,2,SSW0G44953,1,.
870,13,3,2,SSW0P20662,1,.
871,13,3,2,SSW0G44351,1,.
872,13,3,2,SSW0G44585,2,1
873,13,3,2,SL60K75022,1,.
874,13,3,2,cdb_49000017,1,.
875,13,3,2,SD50H32746,1,.
876,13,3,2,PROC13209,2,4
877,13,3,2,000000000031045549,1,.
878,13,3,2,PROC7320,1,.
879,13,3,2,SPP0H55681,1,.
880,13,3,2,PROC7109,1,.
881,13,3,2,PROC7033,1,.
882,13,3,2,000000000031028400,2,5
883,13,3,2,cdb_04000018,2,2
884,13,3,2,000000000031501056,2,2
885,13,3,2,SPP0G54625,2,4
886,13,3,2,PROC9107,1,.
887,13,3,2,SPP0G99675,2,5
888,13,3,2,SSW0K51935,2,4
889,13,3,2,PROC3410,1,.
890,13,3,2,SPP0K08480,1,.
891,13,3,2,SPP0H55681,1,.
892,13,3,2,SPP0H55684,2,2
893,13,3,2,000000000067001143,1,.
894,13,3,2,SSW0N28641,2,1
895,13,3,2,PROC10338,2,2
896,13,3,2,SSW0L97271,2,4
897,15,3,2,SSW0G42871,1,.
898,15,3,2,SSW0G44836,1,.
899,15,3,2,SSW0G44953,1,.
900,15,3,2,SSW0P20662,1,.
901,15,3,2,SSW0G44351,1,.
902,15,3,2,SSW0G44585,2,1
903,15,3,2,SL60K75022,1,.
904,15,3,2,cdb_49000017,1,.
905,15,3,2,SD50H32746,1,.
906,15,3,2,PROC13209,2,4
907,15,3,2,000000000031045549,1,.
908,15,3,2,PROC7320,1,.
909,15,3,2,SPP0H55681,1,.
910,15,3,2,PROC7109,1,.
911,15,3,2,PROC7033,1,.
912,15,3,2,000000000031028400,2,5
913,15,3,2,cdb_04000018,2,2
914,15,3,2,000000000031501056,2,2
915,15,3,2,SPP0G54625,2,4
916,15,3,2,PROC9107,1,.
917,15,3,2,SPP0G99675,2,5
918,15,3,2,SSW0K51935,2,4
919,15,3,2,PROC3410,1,.
920,15,3,2,SPP0K08480,1,.
921,15,3,2,SPP0H55681,1,.
922,15,3,2,SPP0H55684,2,2
923,15,3,2,000000000067001143,1,.
924,15,3,2,SSW0N28641,2,1
925,15,3,2,PROC10338,2,2
926,15,3,2,SSW0L97271,2,4
927,16,3,1,SSW0G42871,1,.
928,16,3,1,SSW0G44836,1,.
929,16,3,1,SSW0G44953,1,.
930,16,3,1,SSW0P20662,1,.
931,16,3,1,SSW0G44351,1,.
932,16,3,1,SSW0G44585,2,1
933,16,3,1,SL60K75022,1,.
934,16,3,1,cdb_49000017,1,.
935,16,3,1,SD50H32746,1,.
936,16,3,1,PROC13209,2,4
937,16,3,1,000000000031045549,1,.
938,16,3,1,PROC7320,1,.
939,16,3,1,SPP0H55681,1,.
940,16,3,1,PROC7109,1,.
941,16,3,1,PROC7033,1,.
942,16,3,1,000000000031028400,2,5
943,16,3,1,cdb_04000018,2,2
944,16,3,1,000000000031501056,2,2
945,16,3,1,SPP0G54625,2,4
946,16,3,1,PROC9107,1,.
947,16,3,1,SPP0G99675,2,5
948,16,3,1,SSW0K51935,2,4
949,16,3,1,PROC3410,1,.
950,16,3,1,SPP0K08480,1,.
951,16,3,1,SPP0H55681,1,.
952,16,3,1,SPP0H55684,2,2
953,16,3,1,000000000067001143,1,.
954,16,3,1,SSW0N28641,2,1
955,16,3,1,PROC10338,2,2
956,16,3,1,SSW0L97271,2,4
957,21,3,3,SSW0G42871,1,.
958,21,3,3,SSW0G44836,1,.
959,21,3,3,SSW0G44953,1,.
960,21,3,3,SSW0P20662,1,.
961,21,3,3,SSW0G44351,1,.
962,21,3,3,SSW0G44585,2,1
963,21,3,3,SL60K75022,1,.
964,21,3,3,cdb_49000017,1,.
965,21,3,3,SD50H32746,1,.
966,21,3,3,PROC13209,2,4
967,21,3,3,000000000031045549,1,.
968,21,3,3,PROC7320,1,.
969,21,3,3,SPP0H55681,1,.
970,21,3,3,PROC7109,1,.
971,21,3,3,PROC7033,1,.
972,21,3,3,000000000031028400,2,5
973,21,3,3,cdb_04000018,2,2
974,21,3,3,000000000031501056,2,2
975,21,3,3,SPP0G54625,2,4
976,21,3,3,PROC9107,1,.
977,21,3,3,SPP0G99675,2,5
978,21,3,3,SSW0K51935,2,4
979,21,3,3,PROC3410,1,.
980,21,3,3,SPP0K08480,1,.
981,21,3,3,SPP0H55681,1,.
982,21,3,3,SPP0H55684,2,2
983,21,3,3,000000000067001143,1,.
984,21,3,3,SSW0N28641,2,1
985,21,3,3,PROC10338,2,2
986,21,3,3,SSW0L97271,2,4
987,27,3,1,SSW0G42871,1,.
988,27,3,1,SSW0G44836,1,.
989,27,3,1,SSW0G44953,1,.
990,27,3,1,SSW0P20662,1,.
991,27,3,1,SSW0G44351,1,.
992,27,3,1,SSW0G44585,2,1
993,27,3,1,SL60K75022,1,.
994,27,3,1,cdb_49000017,1,.
995,27,3,1,SD50H32746,1,.
996,27,3,1,PROC13209,2,4
997,27,3,1,000000000031045549,1,.
998,27,3,1,PROC7320,1,.
999,27,3,1,SPP0H55681,1,.
1000,27,3,1,PROC7109,1,.
1001,27,3,1,PROC7033,1,.
1002,27,3,1,000000000031028400,2,5
1003,27,3,1,cdb_04000018,2,2
1004,27,3,1,000000000031501056,2,2
1005,27,3,1,SPP0G54625,2,4
1006,27,3,1,PROC9107,1,.
1007,27,3,1,SPP0G99675,2,5
1008,27,3,1,SSW0K51935,2,4
1009,27,3,1,PROC3410,1,.
1010,27,3,1,SPP0K08480,1,.
1011,27,3,1,SPP0H55681,1,.
1012,27,3,1,SPP0H55684,2,2
1013,27,3,1,000000000067001143,1,.
1014,27,3,1,SSW0N28641,2,1
1015,27,3,1,PROC10338,2,2
1016,27,3,1,SSW0L97271,2,4
1017,36,3,2,SSW0G42871,1,.
1018,36,3,2,SSW0G44836,1,.
1019,36,3,2,SSW0G44953,1,.
1020,36,3,2,SSW0P20662,1,.
1021,36,3,2,SSW0G44351,1,.
1022,36,3,2,SSW0G44585,2,1
1023,36,3,2,SL60K75022,1,.
1024,36,3,2,cdb_49000017,1,.
1025,36,3,2,SD50H32746,1,.
1026,36,3,2,PROC13209,2,4
1027,36,3,2,000000000031045549,1,.
1028,36,3,2,PROC7320,1,.
1029,36,3,2,SPP0H55681,1,.
1030,36,3,2,PROC7109,1,.
1031,36,3,2,PROC7033,1,.
1032,36,3,2,000000000031028400,2,5
1033,36,3,2,cdb_04000018,2,2
1034,36,3,2,000000000031501056,2,2
1035,36,3,2,SPP0G54625,2,4
1036,36,3,2,PROC9107,1,.
1037,36,3,2,SPP0G99675,2,5
1038,36,3,2,SSW0K51935,2,4
1039,36,3,2,PROC3410,1,.
1040,36,3,2,SPP0K08480,1,.
1041,36,3,2,SPP0H55681,1,.
1042,36,3,2,SPP0H55684,2,2
1043,36,3,2,000000000067001143,1,.
1044,36,3,2,SSW0N28641,2,1
1045,36,3,2,PROC10338,2,2
1046,36,3,2,SSW0L97271,2,4
1047,62,3,2,SSW0G42871,1,.
1048,62,3,2,SSW0G44836,1,.
1049,62,3,2,SSW0G44953,1,.
1050,62,3,2,SSW0P20662,1,.
1051,62,3,2,SSW0G44351,1,.
1052,62,3,2,SSW0G44585,2,1
1053,62,3,2,SL60K75022,1,.
1054,62,3,2,cdb_49000017,1,.
1055,62,3,2,SD50H32746,1,.
1056,62,3,2,PROC13209,2,4
1057,62,3,2,000000000031045549,1,.
1058,62,3,2,PROC7320,1,.
1059,62,3,2,SPP0H55681,1,.
1060,62,3,2,PROC7109,1,.
1061,62,3,2,PROC7033,1,.
1062,62,3,2,000000000031028400,2,5
1063,62,3,2,cdb_04000018,2,2
1064,62,3,2,000000000031501056,2,2
1065,62,3,2,SPP0G54625,2,4
1066,62,3,2,PROC9107,1,.
1067,62,3,2,SPP0G99675,2,5
1068,62,3,2,SSW0K51935,2,4
1069,62,3,2,PROC3410,1,.
1070,62,3,2,SPP0K08480,1,.
1071,62,3,2,SPP0H55681,1,.
1072,62,3,2,SPP0H55684,2,2
1073,62,3,2,000000000067001143,1,.
1074,62,3,2,SSW0N28641,2,1
1075,62,3,2,PROC10338,2,2
1076,62,3,2,SSW0L97271,2,4
1077,68,3,3,SSW0G42871,1,.
1078,68,3,3,SSW0G44836,1,.
1079,68,3,3,SSW0G44953,1,.
1080,68,3,3,SSW0P20662,1,.
1081,68,3,3,SSW0G44351,1,.
1082,68,3,3,SSW0G44585,2,1
1083,68,3,3,SL60K75022,1,.
1084,68,3,3,cdb_49000017,1,.
1085,68,3,3,SD50H32746,1,.
1086,68,3,3,PROC13209,2,4
1087,68,3,3,000000000031045549,1,.
1088,68,3,3,PROC7320,1,.
1089,68,3,3,SPP0H55681,1,.
1090,68,3,3,PROC7109,1,.
1091,68,3,3,PROC7033,1,.
1092,68,3,3,000000000031028400,2,5
1093,68,3,3,cdb_04000018,2,2
1094,68,3,3,000000000031501056,2,2
1095,68,3,3,SPP0G54625,2,4
1096,68,3,3,PROC9107,1,.
1097,68,3,3,SPP0G99675,2,5
1098,68,3,3,SSW0K51935,2,4
1099,68,3,3,PROC3410,1,.
1100,68,3,3,SPP0K08480,1,.
1101,68,3,3,SPP0H55681,1,.
1102,68,3,3,SPP0H55684,2,2
1103,68,3,3,000000000067001143,1,.
1104,68,3,3,SSW0N28641,2,1
1105,68,3,3,PROC10338,2,2
1106,68,3,3,SSW0L97271,2,4
1107,69,3,1,SSW0G42871,1,.
1108,69,3,1,SSW0G44836,1,.
1109,69,3,1,SSW0G44953,1,.
1110,69,3,1,SSW0P20662,1,.
1111,69,3,1,SSW0G44351,1,.
1112,69,3,1,SSW0G44585,2,1
1113,69,3,1,SL60K75022,1,.
1114,69,3,1,cdb_49000017,1,.
1115,69,3,1,SD50H32746,1,.
1116,69,3,1,PROC13209,2,4
1117,69,3,1,000000000031045549,1,.
1118,69,3,1,PROC7320,1,.
1119,69,3,1,SPP0H55681,1,.
1120,69,3,1,PROC7109,1,.
1121,69,3,1,PROC7033,1,.
1122,69,3,1,000000000031028400,2,5
1123,69,3,1,cdb_04000018,2,2
1124,69,3,1,000000000031501056,2,2
1125,69,3,1,SPP0G54625,2,4
1126,69,3,1,PROC9107,1,.
1127,69,3,1,SPP0G99675,2,5
1128,69,3,1,SSW0K51935,2,4
1129,69,3,1,PROC3410,1,.
1130,69,3,1,SPP0K08480,1,.
1131,69,3,1,SPP0H55681,1,.
1132,69,3,1,SPP0H55684,2,2
1133,69,3,1,000000000067001143,1,.
1134,69,3,1,SSW0N28641,2,1
1135,69,3,1,PROC10338,2,2
1136,69,3,1,SSW0L97271,2,4
1137,70,3,2,SSW0G42871,1,.
1138,70,3,2,SSW0G44836,1,.
1139,70,3,2,SSW0G44953,1,.
1140,70,3,2,SSW0P20662,1,.
1141,70,3,2,SSW0G44351,1,.
1142,70,3,2,SSW0G44585,2,1
1143,70,3,2,SL60K75022,1,.
1144,70,3,2,cdb_49000017,1,.
1145,70,3,2,SD50H32746,1,.
1146,70,3,2,PROC13209,2,4
1147,70,3,2,000000000031045549,1,.
1148,70,3,2,PROC7320,1,.
1149,70,3,2,SPP0H55681,1,.
1150,70,3,2,PROC7109,1,.
1151,70,3,2,PROC7033,1,.
1152,70,3,2,000000000031028400,2,5
1153,70,3,2,cdb_04000018,2,2
1154,70,3,2,000000000031501056,2,2
1155,70,3,2,SPP0G54625,2,4
1156,70,3,2,PROC9107,1,.
1157,70,3,2,SPP0G99675,2,5
1158,70,3,2,SSW0K51935,2,4
1159,70,3,2,PROC3410,1,.
1160,70,3,2,SPP0K08480,1,.
1161,70,3,2,SPP0H55681,1,.
1162,70,3,2,SPP0H55684,2,2
1163,70,3,2,000000000067001143,1,.
1164,70,3,2,SSW0N28641,2,1
1165,70,3,2,PROC10338,2,2
1166,70,3,2,SSW0L97271,2,4
1167,72,3,1,SSW0G42871,1,.
1168,72,3,1,SSW0G44836,1,.
1169,72,3,1,SSW0G44953,1,.
1170,72,3,1,SSW0P20662,1,.
1171,72,3,1,SSW0G44351,1,.
1172,72,3,1,SSW0G44585,2,1
1173,72,3,1,SL60K75022,1,.
1174,72,3,1,cdb_49000017,1,.
1175,72,3,1,SD50H32746,1,.
1176,72,3,1,PROC13209,2,4
1177,72,3,1,000000000031045549,1,.
1178,72,3,1,PROC7320,1,.
1179,72,3,1,SPP0H55681,1,.
1180,72,3,1,PROC7109,1,.
1181,72,3,1,PROC7033,1,.
1182,72,3,1,000000000031028400,2,5
1183,72,3,1,cdb_04000018,2,2
1184,72,3,1,000000000031501056,2,2
1185,72,3,1,SPP0G54625,2,4
1186,72,3,1,PROC9107,1,.
1187,72,3,1,SPP0G99675,2,5
1188,72,3,1,SSW0K51935,2,4
1189,72,3,1,PROC3410,1,.
1190,72,3,1,SPP0K08480,1,.
1191,72,3,1,SPP0H55681,1,.
1192,72,3,1,SPP0H55684,2,2
1193,72,3,1,000000000067001143,1,.
1194,72,3,1,SSW0N28641,2,1
1195,72,3,1,PROC10338,2,2
1196,72,3,1,SSW0L97271,2,4
1197,83,3,1,SSW0G42871,1,.
1198,83,3,1,SSW0G44836,1,.
1199,83,3,1,SSW0G44953,1,.
1200,83,3,1,SSW0P20662,1,.
1201,83,3,1,SSW0G44351,1,.
1202,83,3,1,SSW0G44585,2,1
1203,83,3,1,SL60K75022,1,.
1204,83,3,1,cdb_49000017,1,.
1205,83,3,1,SD50H32746,1,.
1206,83,3,1,PROC13209,2,4
1207,83,3,1,000000000031045549,1,.
1208,83,3,1,PROC7320,1,.
1209,83,3,1,SPP0H55681,1,.
1210,83,3,1,PROC7109,1,.
1211,83,3,1,PROC7033,1,.
1212,83,3,1,000000000031028400,2,5
1213,83,3,1,cdb_04000018,2,2
1214,83,3,1,000000000031501056,2,2
1215,83,3,1,SPP0G54625,2,4
1216,83,3,1,PROC9107,1,.
1217,83,3,1,SPP0G99675,2,5
1218,83,3,1,SSW0K51935,2,4
1219,83,3,1,PROC3410,1,.
1220,83,3,1,SPP0K08480,1,.
1221,83,3,1,SPP0H55681,1,.
1222,83,3,1,SPP0H55684,2,2
1223,83,3,1,000000000067001143,1,.
1224,83,3,1,SSW0N28641,2,1
1225,83,3,1,PROC10338,2,2
1226,83,3,1,SSW0L97271,2,4
1227,86,3,2,SSW0G42871,1,.
1228,86,3,2,SSW0G44836,1,.
1229,86,3,2,SSW0G44953,1,.
1230,86,3,2,SSW0P20662,1,.
1231,86,3,2,SSW0G44351,1,.
1232,86,3,2,SSW0G44585,2,1
1233,86,3,2,SL60K75022,1,.
1234,86,3,2,cdb_49000017,1,.
1235,86,3,2,SD50H32746,1,.
1236,86,3,2,PROC13209,2,4
1237,86,3,2,000000000031045549,1,.
1238,86,3,2,PROC7320,1,.
1239,86,3,2,SPP0H55681,1,.
1240,86,3,2,PROC7109,1,.
1241,86,3,2,PROC7033,1,.
1242,86,3,2,000000000031028400,2,5
1243,86,3,2,cdb_04000018,2,2
1244,86,3,2,000000000031501056,2,2
1245,86,3,2,SPP0G54625,2,4
1246,86,3,2,PROC9107,1,.
1247,86,3,2,SPP0G99675,2,5
1248,86,3,2,SSW0K51935,2,4
1249,86,3,2,PROC3410,1,.
1250,86,3,2,SPP0K08480,1,.
1251,86,3,2,SPP0H55681,1,.
1252,86,3,2,SPP0H55684,2,2
1253,86,3,2,000000000067001143,1,.
1254,86,3,2,SSW0N28641,2,1
1255,86,3,2,PROC10338,2,2
1256,86,3,2,SSW0L97271,2,4
1257,91,3,2,SSW0G42871,1,.
1258,91,3,2,SSW0G44836,1,.
1259,91,3,2,SSW0G44953,1,.
1260,91,3,2,SSW0P20662,1,.
1261,91,3,2,SSW0G44351,1,.
1262,91,3,2,SSW0G44585,2,1
1263,91,3,2,SL60K75022,1,.
1264,91,3,2,cdb_49000017,1,.
1265,91,3,2,SD50H32746,1,.
1266,91,3,2,PROC13209,2,4
1267,91,3,2,000000000031045549,1,.
1268,91,3,2,PROC7320,1,.
1269,91,3,2,SPP0H55681,1,.
1270,91,3,2,PROC7109,1,.
1271,91,3,2,PROC7033,1,.
1272,91,3,2,000000000031028400,2,5
1273,91,3,2,cdb_04000018,2,2
1274,91,3,2,000000000031501056,2,2
1275,91,3,2,SPP0G54625,2,4
1276,91,3,2,PROC9107,1,.
1277,91,3,2,SPP0G99675,2,5
1278,91,3,2,SSW0K51935,2,4
1279,91,3,2,PROC3410,1,.
1280,91,3,2,SPP0K08480,1,.
1281,91,3,2,SPP0H55681,1,.
1282,91,3,2,SPP0H55684,2,2
1283,91,3,2,000000000067001143,1,.
1284,91,3,2,SSW0N28641,2,1
1285,91,3,2,PROC10338,2,2
1286,91,3,2,SSW0L97271,2,4
1287,95,3,1,SSW0G42871,1,.
1288,95,3,1,SSW0G44836,1,.
1289,95,3,1,SSW0G44953,1,.
1290,95,3,1,SSW0P20662,1,.
1291,95,3,1,SSW0G44351,1,.
1292,95,3,1,SSW0G44585,2,1
1293,95,3,1,SL60K75022,1,.
1294,95,3,1,cdb_49000017,1,.
1295,95,3,1,SD50H32746,1,.
1296,95,3,1,PROC13209,2,4
1297,95,3,1,000000000031045549,1,.
1298,95,3,1,PROC7320,1,.
1299,95,3,1,SPP0H55681,1,.
1300,95,3,1,PROC7109,1,.
1301,95,3,1,PROC7033,1,.
1302,95,3,1,000000000031028400,2,5
1303,95,3,1,cdb_04000018,2,2
1304,95,3,1,000000000031501056,2,2
1305,95,3,1,SPP0G54625,2,4
1306,95,3,1,PROC9107,1,.
1307,95,3,1,SPP0G99675,2,5
1308,95,3,1,SSW0K51935,2,4
1309,95,3,1,PROC3410,1,.
1310,95,3,1,SPP0K08480,1,.
1311,95,3,1,SPP0H55681,1,.
1312,95,3,1,SPP0H55684,2,2
1313,95,3,1,000000000067001143,1,.
1314,95,3,1,SSW0N28641,2,1
1315,95,3,1,PROC10338,2,2
1316,95,3,1,SSW0L97271,2,4
1317,96,3,3,SSW0G42871,1,.
1318,96,3,3,SSW0G44836,1,.
1319,96,3,3,SSW0G44953,1,.
1320,96,3,3,SSW0P20662,1,.
1321,96,3,3,SSW0G44351,1,.
1322,96,3,3,SSW0G44585,2,1
1323,96,3,3,SL60K75022,1,.
1324,96,3,3,cdb_49000017,1,.
1325,96,3,3,SD50H32746,1,.
1326,96,3,3,PROC13209,2,4
1327,96,3,3,000000000031045549,1,.
1328,96,3,3,PROC7320,1,.
1329,96,3,3,SPP0H55681,1,.
1330,96,3,3,PROC7109,1,.
1331,96,3,3,PROC7033,1,.
1332,96,3,3,000000000031028400,2,5
1333,96,3,3,cdb_04000018,2,2
1334,96,3,3,000000000031501056,2,2
1335,96,3,3,SPP0G54625,2,4
1336,96,3,3,PROC9107,1,.
1337,96,3,3,SPP0G99675,2,5
1338,96,3,3,SSW0K51935,2,4
1339,96,3,3,PROC3410,1,.
1340,96,3,3,SPP0K08480,1,.
1341,96,3,3,SPP0H55681,1,.
1342,96,3,3,SPP0H55684,2,2
1343,96,3,3,000000000067001143,1,.
1344,96,3,3,SSW0N28641,2,1
1345,96,3,3,PROC10338,2,2
1346,96,3,3,SSW0L97271,2,4
1347,3,2,4,000000000000011977,1,.
1348,3,2,4,SSW0G44678,1,.
1349,3,2,4,SSW0F63159,2,1
1350,3,2,4,SSW0G42868,1,.
1351,3,2,4,SSW0G44017,1,.
1352,3,2,4,SSW0L47695,2,4
1353,3,2,4,000000000031042062,1,.
1354,3,2,4,cdb_50000007,2,5
1355,3,2,4,cdb_47000131,1,.
1356,3,2,4,PROC10001,1,.
1357,3,2,4,PROC13101,1,.
1358,3,2,4,000000000031034774,2,4
1359,3,2,4,000000000031503243,2,3
1360,3,2,4,000000000031503244,2,5
1361,3,2,4,PROC11611,2,1
1362,3,2,4,PROC8211,1,.
1363,3,2,4,PROC8214,2,5
1364,3,2,4,SPP0J33247,1,.
1365,3,2,4,PROC8345,1,.
1366,3,2,4,SM20H54472,1,.
1367,3,2,4,000000000031503455,2,5
1368,3,2,4,000000000031503456,2,3
1369,3,2,4,SPP0J33159,2,3
1370,3,2,4,SPP0M26744,1,.
1371,3,2,4,PROC11106,1,.
1372,3,2,4,PROC10958,1,.
1373,3,2,4,SSW0Q44609,2,1
1374,3,2,4,PROC10219,1,.
1375,3,2,4,PROC10938,2,3
1376,9,2,2,000000000000011977,1,.
1377,9,2,2,SSW0G44678,1,.
1378,9,2,2,SSW0F63159,2,1
1379,9,2,2,SSW0G42868,1,.
1380,9,2,2,SSW0G44017,1,.
1381,9,2,2,SSW0L47695,2,4
1382,9,2,2,000000000031042062,1,.
1383,9,2,2,cdb_50000007,2,5
1384,9,2,2,cdb_47000131,1,.
1385,9,2,2,PROC10001,1,.
1386,9,2,2,PROC13101,1,.
1387,9,2,2,000000000031034774,2,4
1388,9,2,2,000000000031503243,2,3
1389,9,2,2,000000000031503244,2,5
1390,9,2,2,PROC11611,2,1
1391,9,2,2,PROC8211,1,.
1392,9,2,2,PROC8214,2,5
1393,9,2,2,SPP0J33247,1,.
1394,9,2,2,PROC8345,1,.
1395,9,2,2,SM20H54472,1,.
1396,9,2,2,000000000031503455,2,5
1397,9,2,2,000000000031503456,2,3
1398,9,2,2,SPP0J33159,2,3
1399,9,2,2,SPP0M26744,1,.
1400,9,2,2,PROC11106,1,.
1401,9,2,2,PROC10958,1,.
1402,9,2,2,SSW0Q44609,2,1
1403,9,2,2,PROC10219,1,.
1404,9,2,2,PROC10938,2,3
1405,14,2,3,000000000000011977,1,.
1406,14,2,3,SSW0G44678,1,.
1407,14,2,3,SSW0F63159,2,1
1408,14,2,3,SSW0G42868,1,.
1409,14,2,3,SSW0G44017,1,.
1410,14,2,3,SSW0L47695,2,4
1411,14,2,3,000000000031042062,1,.
1412,14,2,3,cdb_50000007,2,5
1413,14,2,3,cdb_47000131,1,.
1414,14,2,3,PROC10001,1,.
1415,14,2,3,PROC13101,1,.
1416,14,2,3,000000000031034774,2,4
1417,14,2,3,000000000031503243,2,3
1418,14,2,3,000000000031503244,2,5
1419,14,2,3,PROC11611,2,1
1420,14,2,3,PROC8211,1,.
1421,14,2,3,PROC8214,2,5
1422,14,2,3,SPP0J33247,1,.
1423,14,2,3,PROC8345,1,.
1424,14,2,3,SM20H54472,1,.
1425,14,2,3,000000000031503455,2,5
1426,14,2,3,000000000031503456,2,3
1427,14,2,3,SPP0J33159,2,3
1428,14,2,3,SPP0M26744,1,.
1429,14,2,3,PROC11106,1,.
1430,14,2,3,PROC10958,1,.
1431,14,2,3,SSW0Q44609,2,1
1432,14,2,3,PROC10219,1,.
1433,14,2,3,PROC10938,2,3
1434,22,2,4,000000000000011977,1,.
1435,22,2,4,SSW0G44678,1,.
1436,22,2,4,SSW0F63159,2,1
1437,22,2,4,SSW0G42868,1,.
1438,22,2,4,SSW0G44017,1,.
1439,22,2,4,SSW0L47695,2,4
1440,22,2,4,000000000031042062,1,.
1441,22,2,4,cdb_50000007,2,5
1442,22,2,4,cdb_47000131,1,.
1443,22,2,4,PROC10001,1,.
1444,22,2,4,PROC13101,1,.
1445,22,2,4,000000000031034774,2,4
1446,22,2,4,000000000031503243,2,3
1447,22,2,4,000000000031503244,2,5
1448,22,2,4,PROC11611,2,1
1449,22,2,4,PROC8211,1,.
1450,22,2,4,PROC8214,2,5
1451,22,2,4,SPP0J33247,1,.
1452,22,2,4,PROC8345,1,.
1453,22,2,4,SM20H54472,1,.
1454,22,2,4,000000000031503455,2,5
1455,22,2,4,000000000031503456,2,3
1456,22,2,4,SPP0J33159,2,3
1457,22,2,4,SPP0M26744,1,.
1458,22,2,4,PROC11106,1,.
1459,22,2,4,PROC10958,1,.
1460,22,2,4,SSW0Q44609,2,1
1461,22,2,4,PROC10219,1,.
1462,22,2,4,PROC10938,2,3
1463,24,2,1,000000000000011977,1,.
1464,24,2,1,SSW0G44678,1,.
1465,24,2,1,SSW0F63159,2,1
1466,24,2,1,SSW0G42868,1,.
1467,24,2,1,SSW0G44017,1,.
1468,24,2,1,SSW0L47695,2,4
1469,24,2,1,000000000031042062,1,.
1470,24,2,1,cdb_50000007,2,5
1471,24,2,1,cdb_47000131,1,.
1472,24,2,1,PROC10001,1,.
1473,24,2,1,PROC13101,1,.
1474,24,2,1,000000000031034774,2,4
1475,24,2,1,000000000031503243,2,3
1476,24,2,1,000000000031503244,2,5
1477,24,2,1,PROC11611,2,1
1478,24,2,1,PROC8211,1,.
1479,24,2,1,PROC8214,2,5
1480,24,2,1,SPP0J33247,1,.
1481,24,2,1,PROC8345,1,.
1482,24,2,1,SM20H54472,1,.
1483,24,2,1,000000000031503455,2,5
1484,24,2,1,000000000031503456,2,3
1485,24,2,1,SPP0J33159,2,3
1486,24,2,1,SPP0M26744,1,.
1487,24,2,1,PROC11106,1,.
1488,24,2,1,PROC10958,1,.
1489,24,2,1,SSW0Q44609,2,1
1490,24,2,1,PROC10219,1,.
1491,24,2,1,PROC10938,2,3
1492,29,2,3,000000000000011977,1,.
1493,29,2,3,SSW0G44678,1,.
1494,29,2,3,SSW0F63159,2,1
1495,29,2,3,SSW0G42868,1,.
1496,29,2,3,SSW0G44017,1,.
1497,29,2,3,SSW0L47695,2,4
1498,29,2,3,000000000031042062,1,.
1499,29,2,3,cdb_50000007,2,5
1500,29,2,3,cdb_47000131,1,.
1501,29,2,3,PROC10001,1,.
1502,29,2,3,PROC13101,1,.
1503,29,2,3,000000000031034774,2,4
1504,29,2,3,000000000031503243,2,3
1505,29,2,3,000000000031503244,2,5
1506,29,2,3,PROC11611,2,1
1507,29,2,3,PROC8211,1,.
1508,29,2,3,PROC8214,2,5
1509,29,2,3,SPP0J33247,1,.
1510,29,2,3,PROC8345,1,.
1511,29,2,3,SM20H54472,1,.
1512,29,2,3,000000000031503455,2,5
1513,29,2,3,000000000031503456,2,3
1514,29,2,3,SPP0J33159,2,3
1515,29,2,3,SPP0M26744,1,.
1516,29,2,3,PROC11106,1,.
1517,29,2,3,PROC10958,1,.
1518,29,2,3,SSW0Q44609,2,1
1519,29,2,3,PROC10219,1,.
1520,29,2,3,PROC10938,2,3
1521,37,2,2,000000000000011977,1,.
1522,37,2,2,SSW0G44678,1,.
1523,37,2,2,SSW0F63159,2,1
1524,37,2,2,SSW0G42868,1,.
1525,37,2,2,SSW0G44017,1,.
1526,37,2,2,SSW0L47695,2,4
1527,37,2,2,000000000031042062,1,.
1528,37,2,2,cdb_50000007,2,5
1529,37,2,2,cdb_47000131,1,.
1530,37,2,2,PROC10001,1,.
1531,37,2,2,PROC13101,1,.
1532,37,2,2,000000000031034774,2,4
1533,37,2,2,000000000031503243,2,3
1534,37,2,2,000000000031503244,2,5
1535,37,2,2,PROC11611,2,1
1536,37,2,2,PROC8211,1,.
1537,37,2,2,PROC8214,2,5
1538,37,2,2,SPP0J33247,1,.
1539,37,2,2,PROC8345,1,.
1540,37,2,2,SM20H54472,1,.
1541,37,2,2,000000000031503455,2,5
1542,37,2,2,000000000031503456,2,3
1543,37,2,2,SPP0J33159,2,3
1544,37,2,2,SPP0M26744,1,.
1545,37,2,2,PROC11106,1,.
1546,37,2,2,PROC10958,1,.
1547,37,2,2,SSW0Q44609,2,1
1548,37,2,2,PROC10219,1,.
1549,37,2,2,PROC10938,2,3
1550,43,2,1,000000000000011977,1,.
1551,43,2,1,SSW0G44678,1,.
1552,43,2,1,SSW0F63159,2,1
1553,43,2,1,SSW0G42868,1,.
1554,43,2,1,SSW0G44017,1,.
1555,43,2,1,SSW0L47695,2,4
1556,43,2,1,000000000031042062,1,.
1557,43,2,1,cdb_50000007,2,5
1558,43,2,1,cdb_47000131,1,.
1559,43,2,1,PROC10001,1,.
1560,43,2,1,PROC13101,1,.
1561,43,2,1,000000000031034774,2,4
1562,43,2,1,000000000031503243,2,3
1563,43,2,1,000000000031503244,2,5
1564,43,2,1,PROC11611,2,1
1565,43,2,1,PROC8211,1,.
1566,43,2,1,PROC8214,2,5
1567,43,2,1,SPP0J33247,1,.
1568,43,2,1,PROC8345,1,.
1569,43,2,1,SM20H54472,1,.
1570,43,2,1,000000000031503455,2,5
1571,43,2,1,000000000031503456,2,3
1572,43,2,1,SPP0J33159,2,3
1573,43,2,1,SPP0M26744,1,.
1574,43,2,1,PROC11106,1,.
1575,43,2,1,PROC10958,1,.
1576,43,2,1,SSW0Q44609,2,1
1577,43,2,1,PROC10219,1,.
1578,43,2,1,PROC10938,2,3
1579,53,2,3,000000000000011977,1,.
1580,53,2,3,SSW0G44678,1,.
1581,53,2,3,SSW0F63159,2,1
1582,53,2,3,SSW0G42868,1,.
1583,53,2,3,SSW0G44017,1,.
1584,53,2,3,SSW0L47695,2,4
1585,53,2,3,000000000031042062,1,.
1586,53,2,3,cdb_50000007,2,5
1587,53,2,3,cdb_47000131,1,.
1588,53,2,3,PROC10001,1,.
1589,53,2,3,PROC13101,1,.
1590,53,2,3,000000000031034774,2,4
1591,53,2,3,000000000031503243,2,3
1592,53,2,3,000000000031503244,2,5
1593,53,2,3,PROC11611,2,1
1594,53,2,3,PROC8211,1,.
1595,53,2,3,PROC8214,2,5
1596,53,2,3,SPP0J33247,1,.
1597,53,2,3,PROC8345,1,.
1598,53,2,3,SM20H54472,1,.
1599,53,2,3,000000000031503455,2,5
1600,53,2,3,000000000031503456,2,3
1601,53,2,3,SPP0J33159,2,3
1602,53,2,3,SPP0M26744,1,.
1603,53,2,3,PROC11106,1,.
1604,53,2,3,PROC10958,1,.
1605,53,2,3,SSW0Q44609,2,1
1606,53,2,3,PROC10219,1,.
1607,53,2,3,PROC10938,2,3
1608,56,2,2,000000000000011977,1,.
1609,56,2,2,SSW0G44678,1,.
1610,56,2,2,SSW0F63159,2,1
1611,56,2,2,SSW0G42868,1,.
1612,56,2,2,SSW0G44017,1,.
1613,56,2,2,SSW0L47695,2,4
1614,56,2,2,000000000031042062,1,.
1615,56,2,2,cdb_50000007,2,5
1616,56,2,2,cdb_47000131,1,.
1617,56,2,2,PROC10001,1,.
1618,56,2,2,PROC13101,1,.
1619,56,2,2,000000000031034774,2,4
1620,56,2,2,000000000031503243,2,3
1621,56,2,2,000000000031503244,2,5
1622,56,2,2,PROC11611,2,1
1623,56,2,2,PROC8211,1,.
1624,56,2,2,PROC8214,2,5
1625,56,2,2,SPP0J33247,1,.
1626,56,2,2,PROC8345,1,.
1627,56,2,2,SM20H54472,1,.
1628,56,2,2,000000000031503455,2,5
1629,56,2,2,000000000031503456,2,3
1630,56,2,2,SPP0J33159,2,3
1631,56,2,2,SPP0M26744,1,.
1632,56,2,2,PROC11106,1,.
1633,56,2,2,PROC10958,1,.
1634,56,2,2,SSW0Q44609,2,1
1635,56,2,2,PROC10219,1,.
1636,56,2,2,PROC10938,2,3
1637,58,2,5,000000000000011977,1,.
1638,58,2,5,SSW0G44678,1,.
1639,58,2,5,SSW0F63159,2,1
1640,58,2,5,SSW0G42868,1,.
1641,58,2,5,SSW0G44017,1,.
1642,58,2,5,SSW0L47695,2,4
1643,58,2,5,000000000031042062,1,.
1644,58,2,5,cdb_50000007,2,5
1645,58,2,5,cdb_47000131,1,.
1646,58,2,5,PROC10001,1,.
1647,58,2,5,PROC13101,1,.
1648,58,2,5,000000000031034774,2,4
1649,58,2,5,000000000031503243,2,3
1650,58,2,5,000000000031503244,2,5
1651,58,2,5,PROC11611,2,1
1652,58,2,5,PROC8211,1,.
1653,58,2,5,PROC8214,2,5
1654,58,2,5,SPP0J33247,1,.
1655,58,2,5,PROC8345,1,.
1656,58,2,5,SM20H54472,1,.
1657,58,2,5,000000000031503455,2,5
1658,58,2,5,000000000031503456,2,3
1659,58,2,5,SPP0J33159,2,3
1660,58,2,5,SPP0M26744,1,.
1661,58,2,5,PROC11106,1,.
1662,58,2,5,PROC10958,1,.
1663,58,2,5,SSW0Q44609,2,1
1664,58,2,5,PROC10219,1,.
1665,58,2,5,PROC10938,2,3
1666,66,2,3,000000000000011977,1,.
1667,66,2,3,SSW0G44678,1,.
1668,66,2,3,SSW0F63159,2,1
1669,66,2,3,SSW0G42868,1,.
1670,66,2,3,SSW0G44017,1,.
1671,66,2,3,SSW0L47695,2,4
1672,66,2,3,000000000031042062,1,.
1673,66,2,3,cdb_50000007,2,5
1674,66,2,3,cdb_47000131,1,.
1675,66,2,3,PROC10001,1,.
1676,66,2,3,PROC13101,1,.
1677,66,2,3,000000000031034774,2,4
1678,66,2,3,000000000031503243,2,3
1679,66,2,3,000000000031503244,2,5
1680,66,2,3,PROC11611,2,1
1681,66,2,3,PROC8211,1,.
1682,66,2,3,PROC8214,2,5
1683,66,2,3,SPP0J33247,1,.
1684,66,2,3,PROC8345,1,.
1685,66,2,3,SM20H54472,1,.
1686,66,2,3,000000000031503455,2,5
1687,66,2,3,000000000031503456,2,3
1688,66,2,3,SPP0J33159,2,3
1689,66,2,3,SPP0M26744,1,.
1690,66,2,3,PROC11106,1,.
1691,66,2,3,PROC10958,1,.
1692,66,2,3,SSW0Q44609,2,1
1693,66,2,3,PROC10219,1,.
1694,66,2,3,PROC10938,2,3
1695,78,2,2,000000000000011977,1,.
1696,78,2,2,SSW0G44678,1,.
1697,78,2,2,SSW0F63159,2,1
1698,78,2,2,SSW0G42868,1,.
1699,78,2,2,SSW0G44017,1,.
1700,78,2,2,SSW0L47695,2,4
1701,78,2,2,000000000031042062,1,.
1702,78,2,2,cdb_50000007,2,5
1703,78,2,2,cdb_47000131,1,.
1704,78,2,2,PROC10001,1,.
1705,78,2,2,PROC13101,1,.
1706,78,2,2,000000000031034774,2,4
1707,78,2,2,000000000031503243,2,3
1708,78,2,2,000000000031503244,2,5
1709,78,2,2,PROC11611,2,1
1710,78,2,2,PROC8211,1,.
1711,78,2,2,PROC8214,2,5
1712,78,2,2,SPP0J33247,1,.
1713,78,2,2,PROC8345,1,.
1714,78,2,2,SM20H54472,1,.
1715,78,2,2,000000000031503455,2,5
1716,78,2,2,000000000031503456,2,3
1717,78,2,2,SPP0J33159,2,3
1718,78,2,2,SPP0M26744,1,.
1719,78,2,2,PROC11106,1,.
1720,78,2,2,PROC10958,1,.
1721,78,2,2,SSW0Q44609,2,1
1722,78,2,2,PROC10219,1,.
1723,78,2,2,PROC10938,2,3
1724,87,2,1,000000000000011977,1,.
1725,87,2,1,SSW0G44678,1,.
1726,87,2,1,SSW0F63159,2,1
1727,87,2,1,SSW0G42868,1,.
1728,87,2,1,SSW0G44017,1,.
1729,87,2,1,SSW0L47695,2,4
1730,87,2,1,000000000031042062,1,.
1731,87,2,1,cdb_50000007,2,5
1732,87,2,1,cdb_47000131,1,.
1733,87,2,1,PROC10001,1,.
1734,87,2,1,PROC13101,1,.
1735,87,2,1,000000000031034774,2,4
1736,87,2,1,000000000031503243,2,3
1737,87,2,1,000000000031503244,2,5
1738,87,2,1,PROC11611,2,1
1739,87,2,1,PROC8211,1,.
1740,87,2,1,PROC8214,2,5
1741,87,2,1,SPP0J33247,1,.
1742,87,2,1,PROC8345,1,.
1743,87,2,1,SM20H54472,1,.
1744,87,2,1,000000000031503455,2,5
1745,87,2,1,000000000031503456,2,3
1746,87,2,1,SPP0J33159,2,3
1747,87,2,1,SPP0M26744,1,.
1748,87,2,1,PROC11106,1,.
1749,87,2,1,PROC10958,1,.
1750,87,2,1,SSW0Q44609,2,1
1751,87,2,1,PROC10219,1,.
1752,87,2,1,PROC10938,2,3
1753,97,2,5,000000000000011977,1,.
1754,97,2,5,SSW0G44678,1,.
1755,97,2,5,SSW0F63159,2,1
1756,97,2,5,SSW0G42868,1,.
1757,97,2,5,SSW0G44017,1,.
1758,97,2,5,SSW0L47695,2,4
1759,97,2,5,000000000031042062,1,.
1760,97,2,5,cdb_50000007,2,5
1761,97,2,5,cdb_47000131,1,.
1762,97,2,5,PROC10001,1,.
1763,97,2,5,PROC13101,1,.
1764,97,2,5,000000000031034774,2,4
1765,97,2,5,000000000031503243,2,3
1766,97,2,5,000000000031503244,2,5
1767,97,2,5,PROC11611,2,1
1768,97,2,5,PROC8211,1,.
1769,97,2,5,PROC8214,2,5
1770,97,2,5,SPP0J33247,1,.
1771,97,2,5,PROC8345,1,.
1772,97,2,5,SM20H54472,1,.
1773,97,2,5,000000000031503455,2,5
1774,97,2,5,000000000031503456,2,3
1775,97,2,5,SPP0J33159,2,3
1776,97,2,5,SPP0M26744,1,.
1777,97,2,5,PROC11106,1,.
1778,97,2,5,PROC10958,1,.
1779,97,2,5,SSW0Q44609,2,1
1780,97,2,5,PROC10219,1,.
1781,97,2,5,PROC10938,2,3
1782,98,2,2,000000000000011977,1,.
1783,98,2,2,SSW0G44678,1,.
1784,98,2,2,SSW0F63159,2,1
1785,98,2,2,SSW0G42868,1,.
1786,98,2,2,SSW0G44017,1,.
1787,98,2,2,SSW0L47695,2,4
1788,98,2,2,000000000031042062,1,.
1789,98,2,2,cdb_50000007,2,5
1790,98,2,2,cdb_47000131,1,.
1791,98,2,2,PROC10001,1,.
1792,98,2,2,PROC13101,1,.
1793,98,2,2,000000000031034774,2,4
1794,98,2,2,000000000031503243,2,3
1795,98,2,2,000000000031503244,2,5
1796,98,2,2,PROC11611,2,1
1797,98,2,2,PROC8211,1,.
1798,98,2,2,PROC8214,2,5
1799,98,2,2,SPP0J33247,1,.
1800,98,2,2,PROC8345,1,.
1801,98,2,2,SM20H54472,1,.
1802,98,2,2,000000000031503455,2,5
1803,98,2,2,000000000031503456,2,3
1804,98,2,2,SPP0J33159,2,3
1805,98,2,2,SPP0M26744,1,.
1806,98,2,2,PROC11106,1,.
1807,98,2,2,PROC10958,1,.
1808,98,2,2,SSW0Q44609,2,1
1809,98,2,2,PROC10219,1,.
1810,98,2,2,PROC10938,2,3
1811,99,2,1,000000000000011977,1,.
1812,99,2,1,SSW0G44678,1,.
1813,99,2,1,SSW0F63159,2,1
1814,99,2,1,SSW0G42868,1,.
1815,99,2,1,SSW0G44017,1,.
1816,99,2,1,SSW0L47695,2,4
1817,99,2,1,000000000031042062,1,.
1818,99,2,1,cdb_50000007,2,5
1819,99,2,1,cdb_47000131,1,.
1820,99,2,1,PROC10001,1,.
1821,99,2,1,PROC13101,1,.
1822,99,2,1,000000000031034774,2,4
1823,99,2,1,000000000031503243,2,3
1824,99,2,1,000000000031503244,2,5
1825,99,2,1,PROC11611,2,1
1826,99,2,1,PROC8211,1,.
1827,99,2,1,PROC8214,2,5
1828,99,2,1,SPP0J33247,1,.
1829,99,2,1,PROC8345,1,.
1830,99,2,1,SM20H54472,1,.
1831,99,2,1,000000000031503455,2,5
1832,99,2,1,000000000031503456,2,3
1833,99,2,1,SPP0J33159,2,3
1834,99,2,1,SPP0M26744,1,.
1835,99,2,1,PROC11106,1,.
1836,99,2,1,PROC10958,1,.
1837,99,2,1,SSW0Q44609,2,1
1838,99,2,1,PROC10219,1,.
1839,99,2,1,PROC10938,2,3
1840,4,4,2,SSW0F82867,1,.
1841,4,4,2,SSW0F75749,2,3
1842,4,4,2,SSW0G45194,1,.
1843,4,4,2,000000000031045653,1,.
1844,4,4,2,SSW0G44390,1,.
1845,4,4,2,SSW0G44671,1,.
1846,4,4,2,SSW0K51131,2,3
1847,4,4,2,000000000031038890,1,.
1848,4,4,2,PROC3420,2,1
1849,4,4,2,PROC6914,1,.
1850,4,4,2,PROC9321,2,2
1851,4,4,2,PROC12008,1,.
1852,4,4,2,SD50H32650,1,.
1853,4,4,2,PROC14101,2,3
1854,4,4,2,000000000031034561,1,.
1855,4,4,2,PROC3726,1,.
1856,4,4,2,000000000031502214,1,.
1857,4,4,2,SDM0K33193,1,.
1858,4,4,2,SM20H54473,2,3
1859,4,4,2,PROC7704,2,3
1860,4,4,2,000000000031503454,2,1
1861,4,4,2,PROC9321,2,1
1862,4,4,2,SP10K29485,1,.
1863,4,4,2,PROC11104,1,.
1864,4,4,2,PROC3420,2,3
1865,4,4,2,cdb_49000017,2,5
1866,4,4,2,SPP0M26744,2,5
1867,4,4,2,PROC14102,2,2
1868,4,4,2,PROC13209,1,.
1869,4,4,2,PROC10209,1,.
1870,4,4,2,SSW0N29422,1,.
1871,4,4,2,PROC12801,2,5
1872,4,4,2,SL10F25678,1,.
1873,4,4,2,SSW0Q43526,1,.
1874,6,4,3,SSW0F82867,1,.
1875,6,4,3,SSW0F75749,2,3
1876,6,4,3,SSW0G45194,1,.
1877,6,4,3,000000000031045653,1,.
1878,6,4,3,SSW0G44390,1,.
1879,6,4,3,SSW0G44671,1,.
1880,6,4,3,SSW0K51131,2,3
1881,6,4,3,000000000031038890,1,.
1882,6,4,3,PROC3420,2,1
1883,6,4,3,PROC6914,1,.
1884,6,4,3,PROC9321,2,2
1885,6,4,3,PROC12008,1,.
1886,6,4,3,SD50H32650,1,.
1887,6,4,3,PROC14101,2,3
1888,6,4,3,000000000031034561,1,.
1889,6,4,3,PROC3726,1,.
1890,6,4,3,000000000031502214,1,.
1891,6,4,3,SDM0K33193,1,.
1892,6,4,3,SM20H54473,2,3
1893,6,4,3,PROC7704,2,3
1894,6,4,3,000000000031503454,2,1
1895,6,4,3,PROC9321,2,1
1896,6,4,3,SP10K29485,1,.
1897,6,4,3,PROC11104,1,.
1898,6,4,3,PROC3420,2,3
1899,6,4,3,cdb_49000017,2,5
1900,6,4,3,SPP0M26744,2,5
1901,6,4,3,PROC14102,2,2
1902,6,4,3,PROC13209,1,.
1903,6,4,3,PROC10209,1,.
1904,6,4,3,SSW0N29422,1,.
1905,6,4,3,PROC12801,2,5
1906,6,4,3,SL10F25678,1,.
1907,6,4,3,SSW0Q43526,1,.
1908,7,4,3,SSW0F82867,1,.
1909,7,4,3,SSW0F75749,2,3
1910,7,4,3,SSW0G45194,1,.
1911,7,4,3,000000000031045653,1,.
1912,7,4,3,SSW0G44390,1,.
1913,7,4,3,SSW0G44671,1,.
1914,7,4,3,SSW0K51131,2,3
1915,7,4,3,000000000031038890,1,.
1916,7,4,3,PROC3420,2,1
1917,7,4,3,PROC6914,1,.
1918,7,4,3,PROC9321,2,2
1919,7,4,3,PROC12008,1,.
1920,7,4,3,SD50H32650,1,.
1921,7,4,3,PROC14101,2,3
1922,7,4,3,000000000031034561,1,.
1923,7,4,3,PROC3726,1,.
1924,7,4,3,000000000031502214,1,.
1925,7,4,3,SDM0K33193,1,.
1926,7,4,3,SM20H54473,2,3
1927,7,4,3,PROC7704,2,3
1928,7,4,3,000000000031503454,2,1
1929,7,4,3,PROC9321,2,1
1930,7,4,3,SP10K29485,1,.
1931,7,4,3,PROC11104,1,.
1932,7,4,3,PROC3420,2,3
1933,7,4,3,cdb_49000017,2,5
1934,7,4,3,SPP0M26744,2,5
1935,7,4,3,PROC14102,2,2
1936,7,4,3,PROC13209,1,.
1937,7,4,3,PROC10209,1,.
1938,7,4,3,SSW0N29422,1,.
1939,7,4,3,PROC12801,2,5
1940,7,4,3,SL10F25678,1,.
1941,7,4,3,SSW0Q43526,1,.
1942,10,4,4,SSW0F82867,1,.
1943,10,4,4,SSW0F75749,2,3
1944,10,4,4,SSW0G45194,1,.
1945,10,4,4,000000000031045653,1,.
1946,10,4,4,SSW0G44390,1,.
1947,10,4,4,SSW0G44671,1,.
1948,10,4,4,SSW0K51131,2,3
1949,10,4,4,000000000031038890,1,.
1950,10,4,4,PROC3420,2,1
1951,10,4,4,PROC6914,1,.
1952,10,4,4,PROC9321,2,2
1953,10,4,4,PROC12008,1,.
1954,10,4,4,SD50H32650,1,.
1955,10,4,4,PROC14101,2,3
1956,10,4,4,000000000031034561,1,.
1957,10,4,4,PROC3726,1,.
1958,10,4,4,000000000031502214,1,.
1959,10,4,4,SDM0K33193,1,.
1960,10,4,4,SM20H54473,2,3
1961,10,4,4,PROC7704,2,3
1962,10,4,4,000000000031503454,2,1
1963,10,4,4,PROC9321,2,1
1964,10,4,4,SP10K29485,1,.
1965,10,4,4,PROC11104,1,.
1966,10,4,4,PROC3420,2,3
1967,10,4,4,cdb_49000017,2,5
1968,10,4,4,SPP0M26744,2,5
1969,10,4,4,PROC14102,2,2
1970,10,4,4,PROC13209,1,.
1971,10,4,4,PROC10209,1,.
1972,10,4,4,SSW0N29422,1,.
1973,10,4,4,PROC12801,2,5
1974,10,4,4,SL10F25678,1,.
1975,10,4,4,SSW0Q43526,1,.
1976,12,4,1,SSW0F82867,1,.
1977,12,4,1,SSW0F75749,2,3
1978,12,4,1,SSW0G45194,1,.
1979,12,4,1,000000000031045653,1,.
1980,12,4,1,SSW0G44390,1,.
1981,12,4,1,SSW0G44671,1,.
1982,12,4,1,SSW0K51131,2,3
1983,12,4,1,000000000031038890,1,.
1984,12,4,1,PROC3420,2,1
1985,12,4,1,PROC6914,1,.
1986,12,4,1,PROC9321,2,2
1987,12,4,1,PROC12008,1,.
1988,12,4,1,SD50H32650,1,.
1989,12,4,1,PROC14101,2,3
1990,12,4,1,000000000031034561,1,.
1991,12,4,1,PROC3726,1,.
1992,12,4,1,000000000031502214,1,.
1993,12,4,1,SDM0K33193,1,.
1994,12,4,1,SM20H54473,2,3
1995,12,4,1,PROC7704,2,3
1996,12,4,1,000000000031503454,2,1
1997,12,4,1,PROC9321,2,1
1998,12,4,1,SP10K29485,1,.
1999,12,4,1,PROC11104,1,.
2000,12,4,1,PROC3420,2,3
2001,12,4,1,cdb_49000017,2,5
2002,12,4,1,SPP0M26744,2,5
2003,12,4,1,PROC14102,2,2
2004,12,4,1,PROC13209,1,.
2005,12,4,1,PROC10209,1,.
2006,12,4,1,SSW0N29422,1,.
2007,12,4,1,PROC12801,2,5
2008,12,4,1,SL10F25678,1,.
2009,12,4,1,SSW0Q43526,1,.
2010,18,4,2,SSW0F82867,1,.
2011,18,4,2,SSW0F75749,2,3
2012,18,4,2,SSW0G45194,1,.
2013,18,4,2,000000000031045653,1,.
2014,18,4,2,SSW0G44390,1,.
2015,18,4,2,SSW0G44671,1,.
2016,18,4,2,SSW0K51131,2,3
2017,18,4,2,000000000031038890,1,.
2018,18,4,2,PROC3420,2,1
2019,18,4,2,PROC6914,1,.
2020,18,4,2,PROC9321,2,2
2021,18,4,2,PROC12008,1,.
2022,18,4,2,SD50H32650,1,.
2023,18,4,2,PROC14101,2,3
2024,18,4,2,000000000031034561,1,.
2025,18,4,2,PROC3726,1,.
2026,18,4,2,000000000031502214,1,.
2027,18,4,2,SDM0K33193,1,.
2028,18,4,2,SM20H54473,2,3
2029,18,4,2,PROC7704,2,3
2030,18,4,2,000000000031503454,2,1
2031,18,4,2,PROC9321,2,1
2032,18,4,2,SP10K29485,1,.
2033,18,4,2,PROC11104,1,.
2034,18,4,2,PROC3420,2,3
2035,18,4,2,cdb_49000017,2,5
2036,18,4,2,SPP0M26744,2,5
2037,18,4,2,PROC14102,2,2
2038,18,4,2,PROC13209,1,.
2039,18,4,2,PROC10209,1,.
2040,18,4,2,SSW0N29422,1,.
2041,18,4,2,PROC12801,2,5
2042,18,4,2,SL10F25678,1,.
2043,18,4,2,SSW0Q43526,1,.
2044,19,4,2,SSW0F82867,1,.
2045,19,4,2,SSW0F75749,2,3
2046,19,4,2,SSW0G45194,1,.
2047,19,4,2,000000000031045653,1,.
2048,19,4,2,SSW0G44390,1,.
2049,19,4,2,SSW0G44671,1,.
2050,19,4,2,SSW0K51131,2,3
2051,19,4,2,000000000031038890,1,.
2052,19,4,2,PROC3420,2,1
2053,19,4,2,PROC6914,1,.
2054,19,4,2,PROC9321,2,2
2055,19,4,2,PROC12008,1,.
2056,19,4,2,SD50H32650,1,.
2057,19,4,2,PROC14101,2,3
2058,19,4,2,000000000031034561,1,.
2059,19,4,2,PROC3726,1,.
2060,19,4,2,000000000031502214,1,.
2061,19,4,2,SDM0K33193,1,.
2062,19,4,2,SM20H54473,2,3
2063,19,4,2,PROC7704,2,3
2064,19,4,2,000000000031503454,2,1
2065,19,4,2,PROC9321,2,1
2066,19,4,2,SP10K29485,1,.
2067,19,4,2,PROC11104,1,.
2068,19,4,2,PROC3420,2,3
2069,19,4,2,cdb_49000017,2,5
2070,19,4,2,SPP0M26744,2,5
2071,19,4,2,PROC14102,2,2
2072,19,4,2,PROC13209,1,.
2073,19,4,2,PROC10209,1,.
2074,19,4,2,SSW0N29422,1,.
2075,19,4,2,PROC12801,2,5
2076,19,4,2,SL10F25678,1,.
2077,19,4,2,SSW0Q43526,1,.
2078,30,4,2,SSW0F82867,1,.
2079,30,4,2,SSW0F75749,2,3
2080,30,4,2,SSW0G45194,1,.
2081,30,4,2,000000000031045653,1,.
2082,30,4,2,SSW0G44390,1,.
2083,30,4,2,SSW0G44671,1,.
2084,30,4,2,SSW0K51131,2,3
2085,30,4,2,000000000031038890,1,.
2086,30,4,2,PROC3420,2,1
2087,30,4,2,PROC6914,1,.
2088,30,4,2,PROC9321,2,2
2089,30,4,2,PROC12008,1,.
2090,30,4,2,SD50H32650,1,.
2091,30,4,2,PROC14101,2,3
2092,30,4,2,000000000031034561,1,.
2093,30,4,2,PROC3726,1,.
2094,30,4,2,000000000031502214,1,.
2095,30,4,2,SDM0K33193,1,.
2096,30,4,2,SM20H54473,2,3
2097,30,4,2,PROC7704,2,3
2098,30,4,2,000000000031503454,2,1
2099,30,4,2,PROC9321,2,1
2100,30,4,2,SP10K29485,1,.
2101,30,4,2,PROC11104,1,.
2102,30,4,2,PROC3420,2,3
2103,30,4,2,cdb_49000017,2,5
2104,30,4,2,SPP0M26744,2,5
2105,30,4,2,PROC14102,2,2
2106,30,4,2,PROC13209,1,.
2107,30,4,2,PROC10209,1,.
2108,30,4,2,SSW0N29422,1,.
2109,30,4,2,PROC12801,2,5
2110,30,4,2,SL10F25678,1,.
2111,30,4,2,SSW0Q43526,1,.
2112,31,4,48,SSW0F82867,1,.
2113,31,4,48,SSW0F75749,2,3
2114,31,4,48,SSW0G45194,1,.
2115,31,4,48,000000000031045653,1,.
2116,31,4,48,SSW0G44390,1,.
2117,31,4,48,SSW0G44671,1,.
2118,31,4,48,SSW0K51131,2,3
2119,31,4,48,000000000031038890,1,.
2120,31,4,48,PROC3420,2,1
2121,31,4,48,PROC6914,1,.
2122,31,4,48,PROC9321,2,2
2123,31,4,48,PROC12008,1,.
2124,31,4,48,SD50H32650,1,.
2125,31,4,48,PROC14101,2,3
2126,31,4,48,000000000031034561,1,.
2127,31,4,48,PROC3726,1,.
2128,31,4,48,000000000031502214,1,.
2129,31,4,48,SDM0K33193,1,.
2130,31,4,48,SM20H54473,2,3
2131,31,4,48,PROC7704,2,3
2132,31,4,48,000000000031503454,2,1
2133,31,4,48,PROC9321,2,1
2134,31,4,48,SP10K29485,1,.
2135,31,4,48,PROC11104,1,.
2136,31,4,48,PROC3420,2,3
2137,31,4,48,cdb_49000017,2,5
2138,31,4,48,SPP0M26744,2,5
2139,31,4,48,PROC14102,2,2
2140,31,4,48,PROC13209,1,.
2141,31,4,48,PROC10209,1,.
2142,31,4,48,SSW0N29422,1,.
2143,31,4,48,PROC12801,2,5
2144,31,4,48,SL10F25678,1,.
2145,31,4,48,SSW0Q43526,1,.
2146,33,4,3,SSW0F82867,1,.
2147,33,4,3,SSW0F75749,2,3
2148,33,4,3,SSW0G45194,1,.
2149,33,4,3,000000000031045653,1,.
2150,33,4,3,SSW0G44390,1,.
2151,33,4,3,SSW0G44671,1,.
2152,33,4,3,SSW0K51131,2,3
2153,33,4,3,000000000031038890,1,.
2154,33,4,3,PROC3420,2,1
2155,33,4,3,PROC6914,1,.
2156,33,4,3,PROC9321,2,2
2157,33,4,3,PROC12008,1,.
2158,33,4,3,SD50H32650,1,.
2159,33,4,3,PROC14101,2,3
2160,33,4,3,000000000031034561,1,.
2161,33,4,3,PROC3726,1,.
2162,33,4,3,000000000031502214,1,.
2163,33,4,3,SDM0K33193,1,.
2164,33,4,3,SM20H54473,2,3
2165,33,4,3,PROC7704,2,3
2166,33,4,3,000000000031503454,2,1
2167,33,4,3,PROC9321,2,1
2168,33,4,3,SP10K29485,1,.
2169,33,4,3,PROC11104,1,.
2170,33,4,3,PROC3420,2,3
2171,33,4,3,cdb_49000017,2,5
2172,33,4,3,SPP0M26744,2,5
2173,33,4,3,PROC14102,2,2
2174,33,4,3,PROC13209,1,.
2175,33,4,3,PROC10209,1,.
2176,33,4,3,SSW0N29422,1,.
2177,33,4,3,PROC12801,2,5
2178,33,4,3,SL10F25678,1,.
2179,33,4,3,SSW0Q43526,1,.
2180,38,4,2,SSW0F82867,1,.
2181,38,4,2,SSW0F75749,2,3
2182,38,4,2,SSW0G45194,1,.
2183,38,4,2,000000000031045653,1,.
2184,38,4,2,SSW0G44390,1,.
2185,38,4,2,SSW0G44671,1,.
2186,38,4,2,SSW0K51131,2,3
2187,38,4,2,000000000031038890,1,.
2188,38,4,2,PROC3420,2,1
2189,38,4,2,PROC6914,1,.
2190,38,4,2,PROC9321,2,2
2191,38,4,2,PROC12008,1,.
2192,38,4,2,SD50H32650,1,.
2193,38,4,2,PROC14101,2,3
2194,38,4,2,000000000031034561,1,.
2195,38,4,2,PROC3726,1,.
2196,38,4,2,000000000031502214,1,.
2197,38,4,2,SDM0K33193,1,.
2198,38,4,2,SM20H54473,2,3
2199,38,4,2,PROC7704,2,3
2200,38,4,2,000000000031503454,2,1
2201,38,4,2,PROC9321,2,1
2202,38,4,2,SP10K29485,1,.
2203,38,4,2,PROC11104,1,.
2204,38,4,2,PROC3420,2,3
2205,38,4,2,cdb_49000017,2,5
2206,38,4,2,SPP0M26744,2,5
2207,38,4,2,PROC14102,2,2
2208,38,4,2,PROC13209,1,.
2209,38,4,2,PROC10209,1,.
2210,38,4,2,SSW0N29422,1,.
2211,38,4,2,PROC12801,2,5
2212,38,4,2,SL10F25678,1,.
2213,38,4,2,SSW0Q43526,1,.
2214,39,4,3,SSW0F82867,1,.
2215,39,4,3,SSW0F75749,2,3
2216,39,4,3,SSW0G45194,1,.
2217,39,4,3,000000000031045653,1,.
2218,39,4,3,SSW0G44390,1,.
2219,39,4,3,SSW0G44671,1,.
2220,39,4,3,SSW0K51131,2,3
2221,39,4,3,000000000031038890,1,.
2222,39,4,3,PROC3420,2,1
2223,39,4,3,PROC6914,1,.
2224,39,4,3,PROC9321,2,2
2225,39,4,3,PROC12008,1,.
2226,39,4,3,SD50H32650,1,.
2227,39,4,3,PROC14101,2,3
2228,39,4,3,000000000031034561,1,.
2229,39,4,3,PROC3726,1,.
2230,39,4,3,000000000031502214,1,.
2231,39,4,3,SDM0K33193,1,.
2232,39,4,3,SM20H54473,2,3
2233,39,4,3,PROC7704,2,3
2234,39,4,3,000000000031503454,2,1
2235,39,4,3,PROC9321,2,1
2236,39,4,3,SP10K29485,1,.
2237,39,4,3,PROC11104,1,.
2238,39,4,3,PROC3420,2,3
2239,39,4,3,cdb_49000017,2,5
2240,39,4,3,SPP0M26744,2,5
2241,39,4,3,PROC14102,2,2
2242,39,4,3,PROC13209,1,.
2243,39,4,3,PROC10209,1,.
2244,39,4,3,SSW0N29422,1,.
2245,39,4,3,PROC12801,2,5
2246,39,4,3,SL10F25678,1,.
2247,39,4,3,SSW0Q43526,1,.
2248,44,4,3,SSW0F82867,1,.
2249,44,4,3,SSW0F75749,2,3
2250,44,4,3,SSW0G45194,1,.
2251,44,4,3,000000000031045653,1,.
2252,44,4,3,SSW0G44390,1,.
2253,44,4,3,SSW0G44671,1,.
2254,44,4,3,SSW0K51131,2,3
2255,44,4,3,000000000031038890,1,.
2256,44,4,3,PROC3420,2,1
2257,44,4,3,PROC6914,1,.
2258,44,4,3,PROC9321,2,2
2259,44,4,3,PROC12008,1,.
2260,44,4,3,SD50H32650,1,.
2261,44,4,3,PROC14101,2,3
2262,44,4,3,000000000031034561,1,.
2263,44,4,3,PROC3726,1,.
2264,44,4,3,000000000031502214,1,.
2265,44,4,3,SDM0K33193,1,.
2266,44,4,3,SM20H54473,2,3
2267,44,4,3,PROC7704,2,3
2268,44,4,3,000000000031503454,2,1
2269,44,4,3,PROC9321,2,1
2270,44,4,3,SP10K29485,1,.
2271,44,4,3,PROC11104,1,.
2272,44,4,3,PROC3420,2,3
2273,44,4,3,cdb_49000017,2,5
2274,44,4,3,SPP0M26744,2,5
2275,44,4,3,PROC14102,2,2
2276,44,4,3,PROC13209,1,.
2277,44,4,3,PROC10209,1,.
2278,44,4,3,SSW0N29422,1,.
2279,44,4,3,PROC12801,2,5
2280,44,4,3,SL10F25678,1,.
2281,44,4,3,SSW0Q43526,1,.
2282,65,4,3,SSW0F82867,1,.
2283,65,4,3,SSW0F75749,2,3
2284,65,4,3,SSW0G45194,1,.
2285,65,4,3,000000000031045653,1,.
2286,65,4,3,SSW0G44390,1,.
2287,65,4,3,SSW0G44671,1,.
2288,65,4,3,SSW0K51131,2,3
2289,65,4,3,000000000031038890,1,.
2290,65,4,3,PROC3420,2,1
2291,65,4,3,PROC6914,1,.
2292,65,4,3,PROC9321,2,2
2293,65,4,3,PROC12008,1,.
2294,65,4,3,SD50H32650,1,.
2295,65,4,3,PROC14101,2,3
2296,65,4,3,000000000031034561,1,.
2297,65,4,3,PROC3726,1,.
2298,65,4,3,000000000031502214,1,.
2299,65,4,3,SDM0K33193,1,.
2300,65,4,3,SM20H54473,2,3
2301,65,4,3,PROC7704,2,3
2302,65,4,3,000000000031503454,2,1
2303,65,4,3,PROC9321,2,1
2304,65,4,3,SP10K29485,1,.
2305,65,4,3,PROC11104,1,.
2306,65,4,3,PROC3420,2,3
2307,65,4,3,cdb_49000017,2,5
2308,65,4,3,SPP0M26744,2,5
2309,65,4,3,PROC14102,2,2
2310,65,4,3,PROC13209,1,.
2311,65,4,3,PROC10209,1,.
2312,65,4,3,SSW0N29422,1,.
2313,65,4,3,PROC12801,2,5
2314,65,4,3,SL10F25678,1,.
2315,65,4,3,SSW0Q43526,1,.
2316,71,4,2,SSW0F82867,1,.
2317,71,4,2,SSW0F75749,2,3
2318,71,4,2,SSW0G45194,1,.
2319,71,4,2,000000000031045653,1,.
2320,71,4,2,SSW0G44390,1,.
2321,71,4,2,SSW0G44671,1,.
2322,71,4,2,SSW0K51131,2,3
2323,71,4,2,000000000031038890,1,.
2324,71,4,2,PROC3420,2,1
2325,71,4,2,PROC6914,1,.
2326,71,4,2,PROC9321,2,2
2327,71,4,2,PROC12008,1,.
2328,71,4,2,SD50H32650,1,.
2329,71,4,2,PROC14101,2,3
2330,71,4,2,000000000031034561,1,.
2331,71,4,2,PROC3726,1,.
2332,71,4,2,000000000031502214,1,.
2333,71,4,2,SDM0K33193,1,.
2334,71,4,2,SM20H54473,2,3
2335,71,4,2,PROC7704,2,3
2336,71,4,2,000000000031503454,2,1
2337,71,4,2,PROC9321,2,1
2338,71,4,2,SP10K29485,1,.
2339,71,4,2,PROC11104,1,.
2340,71,4,2,PROC3420,2,3
2341,71,4,2,cdb_49000017,2,5
2342,71,4,2,SPP0M26744,2,5
2343,71,4,2,PROC14102,2,2
2344,71,4,2,PROC13209,1,.
2345,71,4,2,PROC10209,1,.
2346,71,4,2,SSW0N29422,1,.
2347,71,4,2,PROC12801,2,5
2348,71,4,2,SL10F25678,1,.
2349,71,4,2,SSW0Q43526,1,.
2350,73,4,3,SSW0F82867,1,.
2351,73,4,3,SSW0F75749,2,3
2352,73,4,3,SSW0G45194,1,.
2353,73,4,3,000000000031045653,1,.
2354,73,4,3,SSW0G44390,1,.
2355,73,4,3,SSW0G44671,1,.
2356,73,4,3,SSW0K51131,2,3
2357,73,4,3,000000000031038890,1,.
2358,73,4,3,PROC3420,2,1
2359,73,4,3,PROC6914,1,.
2360,73,4,3,PROC9321,2,2
2361,73,4,3,PROC12008,1,.
2362,73,4,3,SD50H32650,1,.
2363,73,4,3,PROC14101,2,3
2364,73,4,3,000000000031034561,1,.
2365,73,4,3,PROC3726,1,.
2366,73,4,3,000000000031502214,1,.
2367,73,4,3,SDM0K33193,1,.
2368,73,4,3,SM20H54473,2,3
2369,73,4,3,PROC7704,2,3
2370,73,4,3,000000000031503454,2,1
2371,73,4,3,PROC9321,2,1
2372,73,4,3,SP10K29485,1,.
2373,73,4,3,PROC11104,1,.
2374,73,4,3,PROC3420,2,3
2375,73,4,3,cdb_49000017,2,5
2376,73,4,3,SPP0M26744,2,5
2377,73,4,3,PROC14102,2,2
2378,73,4,3,PROC13209,1,.
2379,73,4,3,PROC10209,1,.
2380,73,4,3,SSW0N29422,1,.
2381,73,4,3,PROC12801,2,5
2382,73,4,3,SL10F25678,1,.
2383,73,4,3,SSW0Q43526,1,.
2384,74,4,4,SSW0F82867,1,.
2385,74,4,4,SSW0F75749,2,3
2386,74,4,4,SSW0G45194,1,.
2387,74,4,4,000000000031045653,1,.
2388,74,4,4,SSW0G44390,1,.
2389,74,4,4,SSW0G44671,1,.
2390,74,4,4,SSW0K51131,2,3
2391,74,4,4,000000000031038890,1,.
2392,74,4,4,PROC3420,2,1
2393,74,4,4,PROC6914,1,.
2394,74,4,4,PROC9321,2,2
2395,74,4,4,PROC12008,1,.
2396,74,4,4,SD50H32650,1,.
2397,74,4,4,PROC14101,2,3
2398,74,4,4,000000000031034561,1,.
2399,74,4,4,PROC3726,1,.
2400,74,4,4,000000000031502214,1,.
2401,74,4,4,SDM0K33193,1,.
2402,74,4,4,SM20H54473,2,3
2403,74,4,4,PROC7704,2,3
2404,74,4,4,000000000031503454,2,1
2405,74,4,4,PROC9321,2,1
2406,74,4,4,SP10K29485,1,.
2407,74,4,4,PROC11104,1,.
2408,74,4,4,PROC3420,2,3
2409,74,4,4,cdb_49000017,2,5
2410,74,4,4,SPP0M26744,2,5
2411,74,4,4,PROC14102,2,2
2412,74,4,4,PROC13209,1,.
2413,74,4,4,PROC10209,1,.
2414,74,4,4,SSW0N29422,1,.
2415,74,4,4,PROC12801,2,5
2416,74,4,4,SL10F25678,1,.
2417,74,4,4,SSW0Q43526,1,.
2418,76,4,1,SSW0F82867,1,.
2419,76,4,1,SSW0F75749,2,3
2420,76,4,1,SSW0G45194,1,.
2421,76,4,1,000000000031045653,1,.
2422,76,4,1,SSW0G44390,1,.
2423,76,4,1,SSW0G44671,1,.
2424,76,4,1,SSW0K51131,2,3
2425,76,4,1,000000000031038890,1,.
2426,76,4,1,PROC3420,2,1
2427,76,4,1,PROC6914,1,.
2428,76,4,1,PROC9321,2,2
2429,76,4,1,PROC12008,1,.
2430,76,4,1,SD50H32650,1,.
2431,76,4,1,PROC14101,2,3
2432,76,4,1,000000000031034561,1,.
2433,76,4,1,PROC3726,1,.
2434,76,4,1,000000000031502214,1,.
2435,76,4,1,SDM0K33193,1,.
2436,76,4,1,SM20H54473,2,3
2437,76,4,1,PROC7704,2,3
2438,76,4,1,000000000031503454,2,1
2439,76,4,1,PROC9321,2,1
2440,76,4,1,SP10K29485,1,.
2441,76,4,1,PROC11104,1,.
2442,76,4,1,PROC3420,2,3
2443,76,4,1,cdb_49000017,2,5
2444,76,4,1,SPP0M26744,2,5
2445,76,4,1,PROC14102,2,2
2446,76,4,1,PROC13209,1,.
2447,76,4,1,PROC10209,1,.
2448,76,4,1,SSW0N29422,1,.
2449,76,4,1,PROC12801,2,5
2450,76,4,1,SL10F25678,1,.
2451,76,4,1,SSW0Q43526,1,.
2452,81,4,4,SSW0F82867,1,.
2453,81,4,4,SSW0F75749,2,3
2454,81,4,4,SSW0G45194,1,.
2455,81,4,4,000000000031045653,1,.
2456,81,4,4,SSW0G44390,1,.
2457,81,4,4,SSW0G44671,1,.
2458,81,4,4,SSW0K51131,2,3
2459,81,4,4,000000000031038890,1,.
2460,81,4,4,PROC3420,2,1
2461,81,4,4,PROC6914,1,.
2462,81,4,4,PROC9321,2,2
2463,81,4,4,PROC12008,1,.
2464,81,4,4,SD50H32650,1,.
2465,81,4,4,PROC14101,2,3
2466,81,4,4,000000000031034561,1,.
2467,81,4,4,PROC3726,1,.
2468,81,4,4,000000000031502214,1,.
2469,81,4,4,SDM0K33193,1,.
2470,81,4,4,SM20H54473,2,3
2471,81,4,4,PROC7704,2,3
2472,81,4,4,000000000031503454,2,1
2473,81,4,4,PROC9321,2,1
2474,81,4,4,SP10K29485,1,.
2475,81,4,4,PROC11104,1,.
2476,81,4,4,PROC3420,2,3
2477,81,4,4,cdb_49000017,2,5
2478,81,4,4,SPP0M26744,2,5
2479,81,4,4,PROC14102,2,2
2480,81,4,4,PROC13209,1,.
2481,81,4,4,PROC10209,1,.
2482,81,4,4,SSW0N29422,1,.
2483,81,4,4,PROC12801,2,5
2484,81,4,4,SL10F25678,1,.
2485,81,4,4,SSW0Q43526,1,.
2486,85,4,3,SSW0F82867,1,.
2487,85,4,3,SSW0F75749,2,3
2488,85,4,3,SSW0G45194,1,.
2489,85,4,3,000000000031045653,1,.
2490,85,4,3,SSW0G44390,1,.
2491,85,4,3,SSW0G44671,1,.
2492,85,4,3,SSW0K51131,2,3
2493,85,4,3,000000000031038890,1,.
2494,85,4,3,PROC3420,2,1
2495,85,4,3,PROC6914,1,.
2496,85,4,3,PROC9321,2,2
2497,85,4,3,PROC12008,1,.
2498,85,4,3,SD50H32650,1,.
2499,85,4,3,PROC14101,2,3
2500,85,4,3,000000000031034561,1,.
2501,85,4,3,PROC3726,1,.
2502,85,4,3,000000000031502214,1,.
2503,85,4,3,SDM0K33193,1,.
2504,85,4,3,SM20H54473,2,3
2505,85,4,3,PROC7704,2,3
2506,85,4,3,000000000031503454,2,1
2507,85,4,3,PROC9321,2,1
2508,85,4,3,SP10K29485,1,.
2509,85,4,3,PROC11104,1,.
2510,85,4,3,PROC3420,2,3
2511,85,4,3,cdb_49000017,2,5
2512,85,4,3,SPP0M26744,2,5
2513,85,4,3,PROC14102,2,2
2514,85,4,3,PROC13209,1,.
2515,85,4,3,PROC10209,1,.
2516,85,4,3,SSW0N29422,1,.
2517,85,4,3,PROC12801,2,5
2518,85,4,3,SL10F25678,1,.
2519,85,4,3,SSW0Q43526,1,.
2520,92,4,1,SSW0F82867,1,.
2521,92,4,1,SSW0F75749,2,3
2522,92,4,1,SSW0G45194,1,.
2523,92,4,1,000000000031045653,1,.
2524,92,4,1,SSW0G44390,1,.
2525,92,4,1,SSW0G44671,1,.
2526,92,4,1,SSW0K51131,2,3
2527,92,4,1,000000000031038890,1,.
2528,92,4,1,PROC3420,2,1
2529,92,4,1,PROC6914,1,.
2530,92,4,1,PROC9321,2,2
2531,92,4,1,PROC12008,1,.
2532,92,4,1,SD50H32650,1,.
2533,92,4,1,PROC14101,2,3
2534,92,4,1,000000000031034561,1,.
2535,92,4,1,PROC3726,1,.
2536,92,4,1,000000000031502214,1,.
2537,92,4,1,SDM0K33193,1,.
2538,92,4,1,SM20H54473,2,3
2539,92,4,1,PROC7704,2,3
2540,92,4,1,000000000031503454,2,1
2541,92,4,1,PROC9321,2,1
2542,92,4,1,SP10K29485,1,.
2543,92,4,1,PROC11104,1,.
2544,92,4,1,PROC3420,2,3
2545,92,4,1,cdb_49000017,2,5
2546,92,4,1,SPP0M26744,2,5
2547,92,4,1,PROC14102,2,2
2548,92,4,1,PROC13209,1,.
2549,92,4,1,PROC10209,1,.
2550,92,4,1,SSW0N29422,1,.
2551,92,4,1,PROC12801,2,5
2552,92,4,1,SL10F25678,1,.
2553,92,4,1,SSW0Q43526,1,.
2554,93,4,3,SSW0F82867,1,.
2555,93,4,3,SSW0F75749,2,3
2556,93,4,3,SSW0G45194,1,.
2557,93,4,3,000000000031045653,1,.
2558,93,4,3,SSW0G44390,1,.
2559,93,4,3,SSW0G44671,1,.
2560,93,4,3,SSW0K51131,2,3
2561,93,4,3,000000000031038890,1,.
2562,93,4,3,PROC3420,2,1
2563,93,4,3,PROC6914,1,.
2564,93,4,3,PROC9321,2,2
2565,93,4,3,PROC12008,1,.
2566,93,4,3,SD50H32650,1,.
2567,93,4,3,PROC14101,2,3
2568,93,4,3,000000000031034561,1,.
2569,93,4,3,PROC3726,1,.
2570,93,4,3,000000000031502214,1,.
2571,93,4,3,SDM0K33193,1,.
2572,93,4,3,SM20H54473,2,3
2573,93,4,3,PROC7704,2,3
2574,93,4,3,000000000031503454,2,1
2575,93,4,3,PROC9321,2,1
2576,93,4,3,SP10K29485,1,.
2577,93,4,3,PROC11104,1,.
2578,93,4,3,PROC3420,2,3
2579,93,4,3,cdb_49000017,2,5
2580,93,4,3,SPP0M26744,2,5
2581,93,4,3,PROC14102,2,2
2582,93,4,3,PROC13209,1,.
2583,93,4,3,PROC10209,1,.
2584,93,4,3,SSW0N29422,1,.
2585,93,4,3,PROC12801,2,5
2586,93,4,3,SL10F25678,1,.
2587,93,4,3,SSW0Q43526,1,.
2588,25,5,4,SSW0K51574,1,.
2589,25,5,4,SD50H32698,2,4
2590,25,5,4,PROC11021,1,.
2591,25,5,4,PROC6222,2,1
2592,25,5,4,000000000025216222,1,.
2593,25,5,4,SM50F76959,2,1
2594,25,5,4,000000000031045784,2,4
2595,25,5,4,000000000031506282,1,.
2596,25,5,4,000000000031045785,1,.
2597,25,5,4,000000000144002367,1,.
2598,25,5,4,PROC8219,2,2
2599,25,5,4,PROC8212,1,.
2600,25,5,4,SB20K00972,2,4
2601,25,5,4,000000000031501055,1,.
2602,25,5,4,SSW0K51614,1,.
2603,25,5,4,SSW0K51686,1,.
2604,25,5,4,SSW0K52073,2,4
2605,25,5,4,PROC10806,2,3
2606,25,5,4,PROC11105,2,4
2607,25,5,4,SSW0N26852,1,.
2608,25,5,4,SSW0N27719,2,1
2609,25,5,4,SSW0N29425,1,.
2610,25,5,4,000000000067000739,1,.
2611,25,5,4,SPP0G98255,1,.
2612,25,5,4,SSW0Q43897,1,.
2613,26,5,1,SSW0K51574,1,.
2614,26,5,1,SD50H32698,2,4
2615,26,5,1,PROC11021,1,.
2616,26,5,1,PROC6222,2,1
2617,26,5,1,000000000025216222,1,.
2618,26,5,1,SM50F76959,2,1
2619,26,5,1,000000000031045784,2,4
2620,26,5,1,000000000031506282,1,.
2621,26,5,1,000000000031045785,1,.
2622,26,5,1,000000000144002367,1,.
2623,26,5,1,PROC8219,2,2
2624,26,5,1,PROC8212,1,.
2625,26,5,1,SB20K00972,2,4
2626,26,5,1,000000000031501055,1,.
2627,26,5,1,SSW0K51614,1,.
2628,26,5,1,SSW0K51686,1,.
2629,26,5,1,SSW0K52073,2,4
2630,26,5,1,PROC10806,2,3
2631,26,5,1,PROC11105,2,4
2632,26,5,1,SSW0N26852,1,.
2633,26,5,1,SSW0N27719,2,1
2634,26,5,1,SSW0N29425,1,.
2635,26,5,1,000000000067000739,1,.
2636,26,5,1,SPP0G98255,1,.
2637,26,5,1,SSW0Q43897,1,.
2638,34,5,3,SSW0K51574,1,.
2639,34,5,3,SD50H32698,2,4
2640,34,5,3,PROC11021,1,.
2641,34,5,3,PROC6222,2,1
2642,34,5,3,000000000025216222,1,.
2643,34,5,3,SM50F76959,2,1
2644,34,5,3,000000000031045784,2,4
2645,34,5,3,000000000031506282,1,.
2646,34,5,3,000000000031045785,1,.
2647,34,5,3,000000000144002367,1,.
2648,34,5,3,PROC8219,2,2
2649,34,5,3,PROC8212,1,.
2650,34,5,3,SB20K00972,2,4
2651,34,5,3,000000000031501055,1,.
2652,34,5,3,SSW0K51614,1,.
2653,34,5,3,SSW0K51686,1,.
2654,34,5,3,SSW0K52073,2,4
2655,34,5,3,PROC10806,2,3
2656,34,5,3,PROC11105,2,4
2657,34,5,3,SSW0N26852,1,.
2658,34,5,3,SSW0N27719,2,1
2659,34,5,3,SSW0N29425,1,.
2660,34,5,3,000000000067000739,1,.
2661,34,5,3,SPP0G98255,1,.
2662,34,5,3,SSW0Q43897,1,.
2663,35,5,1,SSW0K51574,1,.
2664,35,5,1,SD50H32698,2,4
2665,35,5,1,PROC11021,1,.
2666,35,5,1,PROC6222,2,1
2667,35,5,1,000000000025216222,1,.
2668,35,5,1,SM50F76959,2,1
2669,35,5,1,000000000031045784,2,4
2670,35,5,1,000000000031506282,1,.
2671,35,5,1,000000000031045785,1,.
2672,35,5,1,000000000144002367,1,.
2673,35,5,1,PROC8219,2,2
2674,35,5,1,PROC8212,1,.
2675,35,5,1,SB20K00972,2,4
2676,35,5,1,000000000031501055,1,.
2677,35,5,1,SSW0K51614,1,.
2678,35,5,1,SSW0K51686,1,.
2679,35,5,1,SSW0K52073,2,4
2680,35,5,1,PROC10806,2,3
2681,35,5,1,PROC11105,2,4
2682,35,5,1,SSW0N26852,1,.
2683,35,5,1,SSW0N27719,2,1
2684,35,5,1,SSW0N29425,1,.
2685,35,5,1,000000000067000739,1,.
2686,35,5,1,SPP0G98255,1,.
2687,35,5,1,SSW0Q43897,1,.
2688,40,5,3,SSW0K51574,1,.
2689,40,5,3,SD50H32698,2,4
2690,40,5,3,PROC11021,1,.
2691,40,5,3,PROC6222,2,1
2692,40,5,3,000000000025216222,1,.
2693,40,5,3,SM50F76959,2,1
2694,40,5,3,000000000031045784,2,4
2695,40,5,3,000000000031506282,1,.
2696,40,5,3,000000000031045785,1,.
2697,40,5,3,000000000144002367,1,.
2698,40,5,3,PROC8219,2,2
2699,40,5,3,PROC8212,1,.
2700,40,5,3,SB20K00972,2,4
2701,40,5,3,000000000031501055,1,.
2702,40,5,3,SSW0K51614,1,.
2703,40,5,3,SSW0K51686,1,.
2704,40,5,3,SSW0K52073,2,4
2705,40,5,3,PROC10806,2,3
2706,40,5,3,PROC11105,2,4
2707,40,5,3,SSW0N26852,1,.
2708,40,5,3,SSW0N27719,2,1
2709,40,5,3,SSW0N29425,1,.
2710,40,5,3,000000000067000739,1,.
2711,40,5,3,SPP0G98255,1,.
2712,40,5,3,SSW0Q43897,1,.
2713,41,5,3,SSW0K51574,1,.
2714,41,5,3,SD50H32698,2,4
2715,41,5,3,PROC11021,1,.
2716,41,5,3,PROC6222,2,1
2717,41,5,3,000000000025216222,1,.
2718,41,5,3,SM50F76959,2,1
2719,41,5,3,000000000031045784,2,4
2720,41,5,3,000000000031506282,1,.
2721,41,5,3,000000000031045785,1,.
2722,41,5,3,000000000144002367,1,.
2723,41,5,3,PROC8219,2,2
2724,41,5,3,PROC8212,1,.
2725,41,5,3,SB20K00972,2,4
2726,41,5,3,000000000031501055,1,.
2727,41,5,3,SSW0K51614,1,.
2728,41,5,3,SSW0K51686,1,.
2729,41,5,3,SSW0K52073,2,4
2730,41,5,3,PROC10806,2,3
2731,41,5,3,PROC11105,2,4
2732,41,5,3,SSW0N26852,1,.
2733,41,5,3,SSW0N27719,2,1
2734,41,5,3,SSW0N29425,1,.
2735,41,5,3,000000000067000739,1,.
2736,41,5,3,SPP0G98255,1,.
2737,41,5,3,SSW0Q43897,1,.
2738,45,5,2,SSW0K51574,1,.
2739,45,5,2,SD50H32698,2,4
2740,45,5,2,PROC11021,1,.
2741,45,5,2,PROC6222,2,1
2742,45,5,2,000000000025216222,1,.
2743,45,5,2,SM50F76959,2,1
2744,45,5,2,000000000031045784,2,4
2745,45,5,2,000000000031506282,1,.
2746,45,5,2,000000000031045785,1,.
2747,45,5,2,000000000144002367,1,.
2748,45,5,2,PROC8219,2,2
2749,45,5,2,PROC8212,1,.
2750,45,5,2,SB20K00972,2,4
2751,45,5,2,000000000031501055,1,.
2752,45,5,2,SSW0K51614,1,.
2753,45,5,2,SSW0K51686,1,.
2754,45,5,2,SSW0K52073,2,4
2755,45,5,2,PROC10806,2,3
2756,45,5,2,PROC11105,2,4
2757,45,5,2,SSW0N26852,1,.
2758,45,5,2,SSW0N27719,2,1
2759,45,5,2,SSW0N29425,1,.
2760,45,5,2,000000000067000739,1,.
2761,45,5,2,SPP0G98255,1,.
2762,45,5,2,SSW0Q43897,1,.
2763,47,5,1,SSW0K51574,1,.
2764,47,5,1,SD50H32698,2,4
2765,47,5,1,PROC11021,1,.
2766,47,5,1,PROC6222,2,1
2767,47,5,1,000000000025216222,1,.
2768,47,5,1,SM50F76959,2,1
2769,47,5,1,000000000031045784,2,4
2770,47,5,1,000000000031506282,1,.
2771,47,5,1,000000000031045785,1,.
2772,47,5,1,000000000144002367,1,.
2773,47,5,1,PROC8219,2,2
2774,47,5,1,PROC8212,1,.
2775,47,5,1,SB20K00972,2,4
2776,47,5,1,000000000031501055,1,.
2777,47,5,1,SSW0K51614,1,.
2778,47,5,1,SSW0K51686,1,.
2779,47,5,1,SSW0K52073,2,4
2780,47,5,1,PROC10806,2,3
2781,47,5,1,PROC11105,2,4
2782,47,5,1,SSW0N26852,1,.
2783,47,5,1,SSW0N27719,2,1
2784,47,5,1,SSW0N29425,1,.
2785,47,5,1,000000000067000739,1,.
2786,47,5,1,SPP0G98255,1,.
2787,47,5,1,SSW0Q43897,1,.
2788,49,5,2,SSW0K51574,1,.
2789,49,5,2,SD50H32698,2,4
2790,49,5,2,PROC11021,1,.
2791,49,5,2,PROC6222,2,1
2792,49,5,2,000000000025216222,1,.
2793,49,5,2,SM50F76959,2,1
2794,49,5,2,000000000031045784,2,4
2795,49,5,2,000000000031506282,1,.
2796,49,5,2,000000000031045785,1,.
2797,49,5,2,000000000144002367,1,.
2798,49,5,2,PROC8219,2,2
2799,49,5,2,PROC8212,1,.
2800,49,5,2,SB20K00972,2,4
2801,49,5,2,000000000031501055,1,.
2802,49,5,2,SSW0K51614,1,.
2803,49,5,2,SSW0K51686,1,.
2804,49,5,2,SSW0K52073,2,4
2805,49,5,2,PROC10806,2,3
2806,49,5,2,PROC11105,2,4
2807,49,5,2,SSW0N26852,1,.
2808,49,5,2,SSW0N27719,2,1
2809,49,5,2,SSW0N29425,1,.
2810,49,5,2,000000000067000739,1,.
2811,49,5,2,SPP0G98255,1,.
2812,49,5,2,SSW0Q43897,1,.
2813,50,5,2,SSW0K51574,1,.
2814,50,5,2,SD50H32698,2,4
2815,50,5,2,PROC11021,1,.
2816,50,5,2,PROC6222,2,1
2817,50,5,2,000000000025216222,1,.
2818,50,5,2,SM50F76959,2,1
2819,50,5,2,000000000031045784,2,4
2820,50,5,2,000000000031506282,1,.
2821,50,5,2,000000000031045785,1,.
2822,50,5,2,000000000144002367,1,.
2823,50,5,2,PROC8219,2,2
2824,50,5,2,PROC8212,1,.
2825,50,5,2,SB20K00972,2,4
2826,50,5,2,000000000031501055,1,.
2827,50,5,2,SSW0K51614,1,.
2828,50,5,2,SSW0K51686,1,.
2829,50,5,2,SSW0K52073,2,4
2830,50,5,2,PROC10806,2,3
2831,50,5,2,PROC11105,2,4
2832,50,5,2,SSW0N26852,1,.
2833,50,5,2,SSW0N27719,2,1
2834,50,5,2,SSW0N29425,1,.
2835,50,5,2,000000000067000739,1,.
2836,50,5,2,SPP0G98255,1,.
2837,50,5,2,SSW0Q43897,1,.
2838,51,5,2,SSW0K51574,1,.
2839,51,5,2,SD50H32698,2,4
2840,51,5,2,PROC11021,1,.
2841,51,5,2,PROC6222,2,1
2842,51,5,2,000000000025216222,1,.
2843,51,5,2,SM50F76959,2,1
2844,51,5,2,000000000031045784,2,4
2845,51,5,2,000000000031506282,1,.
2846,51,5,2,000000000031045785,1,.
2847,51,5,2,000000000144002367,1,.
2848,51,5,2,PROC8219,2,2
2849,51,5,2,PROC8212,1,.
2850,51,5,2,SB20K00972,2,4
2851,51,5,2,000000000031501055,1,.
2852,51,5,2,SSW0K51614,1,.
2853,51,5,2,SSW0K51686,1,.
2854,51,5,2,SSW0K52073,2,4
2855,51,5,2,PROC10806,2,3
2856,51,5,2,PROC11105,2,4
2857,51,5,2,SSW0N26852,1,.
2858,51,5,2,SSW0N27719,2,1
2859,51,5,2,SSW0N29425,1,.
2860,51,5,2,000000000067000739,1,.
2861,51,5,2,SPP0G98255,1,.
2862,51,5,2,SSW0Q43897,1,.
2863,55,5,1,SSW0K51574,1,.
2864,55,5,1,SD50H32698,2,4
2865,55,5,1,PROC11021,1,.
2866,55,5,1,PROC6222,2,1
2867,55,5,1,000000000025216222,1,.
2868,55,5,1,SM50F76959,2,1
2869,55,5,1,000000000031045784,2,4
2870,55,5,1,000000000031506282,1,.
2871,55,5,1,000000000031045785,1,.
2872,55,5,1,000000000144002367,1,.
2873,55,5,1,PROC8219,2,2
2874,55,5,1,PROC8212,1,.
2875,55,5,1,SB20K00972,2,4
2876,55,5,1,000000000031501055,1,.
2877,55,5,1,SSW0K51614,1,.
2878,55,5,1,SSW0K51686,1,.
2879,55,5,1,SSW0K52073,2,4
2880,55,5,1,PROC10806,2,3
2881,55,5,1,PROC11105,2,4
2882,55,5,1,SSW0N26852,1,.
2883,55,5,1,SSW0N27719,2,1
2884,55,5,1,SSW0N29425,1,.
2885,55,5,1,000000000067000739,1,.
2886,55,5,1,SPP0G98255,1,.
2887,55,5,1,SSW0Q43897,1,.
2888,57,5,4,SSW0K51574,1,.
2889,57,5,4,SD50H32698,2,4
2890,57,5,4,PROC11021,1,.
2891,57,5,4,PROC6222,2,1
2892,57,5,4,000000000025216222,1,.
2893,57,5,4,SM50F76959,2,1
2894,57,5,4,000000000031045784,2,4
2895,57,5,4,000000000031506282,1,.
2896,57,5,4,000000000031045785,1,.
2897,57,5,4,000000000144002367,1,.
2898,57,5,4,PROC8219,2,2
2899,57,5,4,PROC8212,1,.
2900,57,5,4,SB20K00972,2,4
2901,57,5,4,000000000031501055,1,.
2902,57,5,4,SSW0K51614,1,.
2903,57,5,4,SSW0K51686,1,.
2904,57,5,4,SSW0K52073,2,4
2905,57,5,4,PROC10806,2,3
2906,57,5,4,PROC11105,2,4
2907,57,5,4,SSW0N26852,1,.
2908,57,5,4,SSW0N27719,2,1
2909,57,5,4,SSW0N29425,1,.
2910,57,5,4,000000000067000739,1,.
2911,57,5,4,SPP0G98255,1,.
2912,57,5,4,SSW0Q43897,1,.
2913,59,5,2,SSW0K51574,1,.
2914,59,5,2,SD50H32698,2,4
2915,59,5,2,PROC11021,1,.
2916,59,5,2,PROC6222,2,1
2917,59,5,2,000000000025216222,1,.
2918,59,5,2,SM50F76959,2,1
2919,59,5,2,000000000031045784,2,4
2920,59,5,2,000000000031506282,1,.
2921,59,5,2,000000000031045785,1,.
2922,59,5,2,000000000144002367,1,.
2923,59,5,2,PROC8219,2,2
2924,59,5,2,PROC8212,1,.
2925,59,5,2,SB20K00972,2,4
2926,59,5,2,000000000031501055,1,.
2927,59,5,2,SSW0K51614,1,.
2928,59,5,2,SSW0K51686,1,.
2929,59,5,2,SSW0K52073,2,4
2930,59,5,2,PROC10806,2,3
2931,59,5,2,PROC11105,2,4
2932,59,5,2,SSW0N26852,1,.
2933,59,5,2,SSW0N27719,2,1
2934,59,5,2,SSW0N29425,1,.
2935,59,5,2,000000000067000739,1,.
2936,59,5,2,SPP0G98255,1,.
2937,59,5,2,SSW0Q43897,1,.
2938,63,5,1,SSW0K51574,1,.
2939,63,5,1,SD50H32698,2,4
2940,63,5,1,PROC11021,1,.
2941,63,5,1,PROC6222,2,1
2942,63,5,1,000000000025216222,1,.
2943,63,5,1,SM50F76959,2,1
2944,63,5,1,000000000031045784,2,4
2945,63,5,1,000000000031506282,1,.
2946,63,5,1,000000000031045785,1,.
2947,63,5,1,000000000144002367,1,.
2948,63,5,1,PROC8219,2,2
2949,63,5,1,PROC8212,1,.
2950,63,5,1,SB20K00972,2,4
2951,63,5,1,000000000031501055,1,.
2952,63,5,1,SSW0K51614,1,.
2953,63,5,1,SSW0K51686,1,.
2954,63,5,1,SSW0K52073,2,4
2955,63,5,1,PROC10806,2,3
2956,63,5,1,PROC11105,2,4
2957,63,5,1,SSW0N26852,1,.
2958,63,5,1,SSW0N27719,2,1
2959,63,5,1,SSW0N29425,1,.
2960,63,5,1,000000000067000739,1,.
2961,63,5,1,SPP0G98255,1,.
2962,63,5,1,SSW0Q43897,1,.
2963,64,5,1,SSW0K51574,1,.
2964,64,5,1,SD50H32698,2,4
2965,64,5,1,PROC11021,1,.
2966,64,5,1,PROC6222,2,1
2967,64,5,1,000000000025216222,1,.
2968,64,5,1,SM50F76959,2,1
2969,64,5,1,000000000031045784,2,4
2970,64,5,1,000000000031506282,1,.
2971,64,5,1,000000000031045785,1,.
2972,64,5,1,000000000144002367,1,.
2973,64,5,1,PROC8219,2,2
2974,64,5,1,PROC8212,1,.
2975,64,5,1,SB20K00972,2,4
2976,64,5,1,000000000031501055,1,.
2977,64,5,1,SSW0K51614,1,.
2978,64,5,1,SSW0K51686,1,.
2979,64,5,1,SSW0K52073,2,4
2980,64,5,1,PROC10806,2,3
2981,64,5,1,PROC11105,2,4
2982,64,5,1,SSW0N26852,1,.
2983,64,5,1,SSW0N27719,2,1
2984,64,5,1,SSW0N29425,1,.
2985,64,5,1,000000000067000739,1,.
2986,64,5,1,SPP0G98255,1,.
2987,64,5,1,SSW0Q43897,1,.
2988,80,5,1,SSW0K51574,1,.
2989,80,5,1,SD50H32698,2,4
2990,80,5,1,PROC11021,1,.
2991,80,5,1,PROC6222,2,1
2992,80,5,1,000000000025216222,1,.
2993,80,5,1,SM50F76959,2,1
2994,80,5,1,000000000031045784,2,4
2995,80,5,1,000000000031506282,1,.
2996,80,5,1,000000000031045785,1,.
2997,80,5,1,000000000144002367,1,.
2998,80,5,1,PROC8219,2,2
2999,80,5,1,PROC8212,1,.
3000,80,5,1,SB20K00972,2,4
3001,80,5,1,000000000031501055,1,.
3002,80,5,1,SSW0K51614,1,.
3003,80,5,1,SSW0K51686,1,.
3004,80,5,1,SSW0K52073,2,4
3005,80,5,1,PROC10806,2,3
3006,80,5,1,PROC11105,2,4
3007,80,5,1,SSW0N26852,1,.
3008,80,5,1,SSW0N27719,2,1
3009,80,5,1,SSW0N29425,1,.
3010,80,5,1,000000000067000739,1,.
3011,80,5,1,SPP0G98255,1,.
3012,80,5,1,SSW0Q43897,1,.
3013,82,5,1,SSW0K51574,1,.
3014,82,5,1,SD50H32698,2,4
3015,82,5,1,PROC11021,1,.
3016,82,5,1,PROC6222,2,1
3017,82,5,1,000000000025216222,1,.
3018,82,5,1,SM50F76959,2,1
3019,82,5,1,000000000031045784,2,4
3020,82,5,1,000000000031506282,1,.
3021,82,5,1,000000000031045785,1,.
3022,82,5,1,000000000144002367,1,.
3023,82,5,1,PROC8219,2,2
3024,82,5,1,PROC8212,1,.
3025,82,5,1,SB20K00972,2,4
3026,82,5,1,000000000031501055,1,.
3027,82,5,1,SSW0K51614,1,.
3028,82,5,1,SSW0K51686,1,.
3029,82,5,1,SSW0K52073,2,4
3030,82,5,1,PROC10806,2,3
3031,82,5,1,PROC11105,2,4
3032,82,5,1,SSW0N26852,1,.
3033,82,5,1,SSW0N27719,2,1
3034,82,5,1,SSW0N29425,1,.
3035,82,5,1,000000000067000739,1,.
3036,82,5,1,SPP0G98255,1,.
3037,82,5,1,SSW0Q43897,1,.
3038,84,5,1,SSW0K51574,1,.
3039,84,5,1,SD50H32698,2,4
3040,84,5,1,PROC11021,1,.
3041,84,5,1,PROC6222,2,1
3042,84,5,1,000000000025216222,1,.
3043,84,5,1,SM50F76959,2,1
3044,84,5,1,000000000031045784,2,4
3045,84,5,1,000000000031506282,1,.
3046,84,5,1,000000000031045785,1,.
3047,84,5,1,000000000144002367,1,.
3048,84,5,1,PROC8219,2,2
3049,84,5,1,PROC8212,1,.
3050,84,5,1,SB20K00972,2,4
3051,84,5,1,000000000031501055,1,.
3052,84,5,1,SSW0K51614,1,.
3053,84,5,1,SSW0K51686,1,.
3054,84,5,1,SSW0K52073,2,4
3055,84,5,1,PROC10806,2,3
3056,84,5,1,PROC11105,2,4
3057,84,5,1,SSW0N26852,1,.
3058,84,5,1,SSW0N27719,2,1
3059,84,5,1,SSW0N29425,1,.
3060,84,5,1,000000000067000739,1,.
3061,84,5,1,SPP0G98255,1,.
3062,84,5,1,SSW0Q43897,1,.
3063,88,5,1,SSW0K51574,1,.
3064,88,5,1,SD50H32698,2,4
3065,88,5,1,PROC11021,1,.
3066,88,5,1,PROC6222,2,1
3067,88,5,1,000000000025216222,1,.
3068,88,5,1,SM50F76959,2,1
3069,88,5,1,000000000031045784,2,4
3070,88,5,1,000000000031506282,1,.
3071,88,5,1,000000000031045785,1,.
3072,88,5,1,000000000144002367,1,.
3073,88,5,1,PROC8219,2,2
3074,88,5,1,PROC8212,1,.
3075,88,5,1,SB20K00972,2,4
3076,88,5,1,000000000031501055,1,.
3077,88,5,1,SSW0K51614,1,.
3078,88,5,1,SSW0K51686,1,.
3079,88,5,1,SSW0K52073,2,4
3080,88,5,1,PROC10806,2,3
3081,88,5,1,PROC11105,2,4
3082,88,5,1,SSW0N26852,1,.
3083,88,5,1,SSW0N27719,2,1
3084,88,5,1,SSW0N29425,1,.
3085,88,5,1,000000000067000739,1,.
3086,88,5,1,SPP0G98255,1,.
3087,88,5,1,SSW0Q43897,1,.
3088,90,5,4,SSW0K51574,1,.
3089,90,5,4,SD50H32698,2,4
3090,90,5,4,PROC11021,1,.
3091,90,5,4,PROC6222,2,1
3092,90,5,4,000000000025216222,1,.
3093,90,5,4,SM50F76959,2,1
3094,90,5,4,000000000031045784,2,4
3095,90,5,4,000000000031506282,1,.
3096,90,5,4,000000000031045785,1,.
3097,90,5,4,000000000144002367,1,.
3098,90,5,4,PROC8219,2,2
3099,90,5,4,PROC8212,1,.
3100,90,5,4,SB20K00972,2,4
3101,90,5,4,000000000031501055,1,.
3102,90,5,4,SSW0K51614,1,.
3103,90,5,4,SSW0K51686,1,.
3104,90,5,4,SSW0K52073,2,4
3105,90,5,4,PROC10806,2,3
3106,90,5,4,PROC11105,2,4
3107,90,5,4,SSW0N26852,1,.
3108,90,5,4,SSW0N27719,2,1
3109,90,5,4,SSW0N29425,1,.
3110,90,5,4,000000000067000739,1,.
3111,90,5,4,SPP0G98255,1,.
3112,90,5,4,SSW0Q43897,1,.
